,date,close,high,open,low,diff,dem,bar
0,2019-01-02 10:00:00,7.91,8.04,7.87,7.87,0.0,0.0,0.0
1,2019-01-02 11:00:00,8.11,8.17,7.91,7.9,0.0159544159544156,0.0031908831908831203,0.025527065527064963
2,2019-01-02 12:00:00,8.13,8.15,8.11,8.1,0.029867939383609432,0.008526294429428382,0.0426832899083621
3,2019-01-02 14:00:00,7.94,8.13,8.13,7.94,0.025271777518918626,0.01187539104732643,0.02679277294318439
4,2019-01-02 15:00:00,7.9,7.96,7.96,7.88,0.018191915345511234,0.01313869590696339,0.010106438877095687
5,2019-01-03 10:00:00,8.01,8.15,7.97,7.97,0.021212628282635926,0.014753482382097899,0.012918291801076055
6,2019-01-03 11:00:00,7.97,8.06,8.01,7.94,0.02014666117317443,0.015832118140313205,0.00862908606572245
7,2019-01-03 12:00:00,8.0,8.02,7.97,7.93,0.021475072569772102,0.016960709026204984,0.009028727087134238
8,2019-01-03 14:00:00,7.91,8.0,8.0,7.87,0.015091633378276903,0.016586893896619367,-0.002990521036684929
9,2019-01-03 15:00:00,7.86,7.96,7.91,7.83,0.005929774941882293,0.014455470105671952,-0.017051390327579317
10,2019-01-04 10:00:00,7.9,7.95,7.94,7.86,0.0018749881334034768,0.011939373711218258,-0.02012877115562956
11,2019-01-04 11:00:00,7.99,8.0,7.9,7.84,0.0058562806551556434,0.010722755100005735,-0.009732948889700183
12,2019-01-04 12:00:00,8.16,8.2,8.0,7.96,0.02247004225305016,0.013072212530614618,0.018795659444871084
13,2019-01-04 14:00:00,8.1,8.2,8.16,8.05,0.030444128493532396,0.016546595723198172,0.027795065540668448
14,2019-01-04 15:00:00,8.06,8.14,8.09,8.06,0.03315380713215976,0.01986803800499049,0.026571538254338542
15,2019-01-07 10:00:00,8.11,8.15,8.06,8.06,0.03888755755122908,0.023671941914238208,0.030431231273981743
16,2019-01-07 11:00:00,8.14,8.15,8.11,8.06,0.04532981149721049,0.028003515830832666,0.03465259133275565
17,2019-01-07 12:00:00,8.04,8.14,8.14,8.01,0.04188337442927814,0.03077948755052176,0.02220777375751276
18,2019-01-07 14:00:00,8.11,8.12,8.04,8.02,0.0442899166190287,0.03348157336422315,0.0216166865096111
19,2019-01-07 15:00:00,8.11,8.18,8.1,8.08,0.04567065575209028,0.03591938984179658,0.019502531820587407
20,2019-01-08 10:00:00,8.06,8.11,8.1,8.04,0.04224336412412377,0.03718418469826202,0.010118358851723505
21,2019-01-08 11:00:00,8.01,8.09,8.06,8.01,0.03508815428313561,0.03676497861523674,-0.0033536486642022634
22,2019-01-08 12:00:00,8.02,8.04,8.02,8.0,0.029880076438676184,0.03538799817992463,-0.011015843482496887
23,2019-01-08 14:00:00,8.04,8.11,8.02,8.01,0.02705460147291916,0.033721318838523535,-0.013333434731208751
24,2019-01-08 15:00:00,8.03,8.06,8.04,7.98,0.023734874916010895,0.03172403005402101,-0.01597831027602023
25,2019-01-09 10:00:00,8.27,8.27,8.1,8.02,0.04000876579118717,0.03338097720145424,0.013255577179465863
26,2019-01-09 11:00:00,8.28,8.34,8.27,8.22,0.053100745641637914,0.03732493088949097,0.03155162950429388
27,2019-01-09 12:00:00,8.31,8.31,8.28,8.2,0.06514602050291352,0.04288914881217548,0.04451374338147607
28,2019-01-09 14:00:00,8.31,8.37,8.3,8.28,0.0738407968699768,0.049079478423735744,0.04952263689248211
29,2019-01-09 15:00:00,8.24,8.33,8.31,8.19,0.07422740744964251,0.054109064228917106,0.040236686441450814
30,2019-01-10 10:00:00,8.4,8.43,8.27,8.22,0.08644794385878285,0.06057684015489025,0.05174220740778519
31,2019-01-10 11:00:00,8.36,8.43,8.4,8.32,0.0918463932521707,0.06683075077434635,0.05003128495564871
32,2019-01-10 12:00:00,8.41,8.45,8.37,8.33,0.09901786906462817,0.07326817443240272,0.05149938926445091
33,2019-01-10 14:00:00,8.51,8.51,8.41,8.39,0.11148534590840953,0.08091160872760408,0.06114747436161089
34,2019-01-10 15:00:00,8.43,8.52,8.51,8.39,0.11360105744233095,0.08744949847054946,0.05230311794356299
35,2019-01-11 10:00:00,8.42,8.48,8.4,8.39,0.11316634645104529,0.09259286806664863,0.04114695676879332
36,2019-01-11 11:00:00,8.33,8.42,8.42,8.31,0.10435662876327356,0.09494562020597361,0.01882201711459991
37,2019-01-11 12:00:00,8.34,8.36,8.31,8.31,0.09706289976273297,0.09536907611732548,0.003387647290814977
38,2019-01-11 14:00:00,8.38,8.4,8.34,8.33,0.09343319299863317,0.09498189949358701,-0.0030974129899076774
39,2019-01-11 15:00:00,8.39,8.4,8.38,8.32,0.09032236071338318,0.09404999173754625,-0.007455262048326139
40,2019-01-14 10:00:00,8.27,8.39,8.39,8.26,0.07728313472678039,0.09069662033539308,-0.02682697121722538
41,2019-01-14 11:00:00,8.23,8.28,8.27,8.19,0.06299561425606015,0.0851564191195265,-0.04432160972693269
42,2019-01-14 12:00:00,8.17,8.23,8.23,8.16,0.046297464437051516,0.0773846281830315,-0.062174327491959974
43,2019-01-14 14:00:00,8.25,8.26,8.18,8.17,0.039069028374443704,0.06972150822131394,-0.061304959693740474
44,2019-01-14 15:00:00,8.24,8.28,8.25,8.2,0.03216277187668126,0.06220976095238741,-0.06009397815141229
45,2019-01-15 10:00:00,8.23,8.31,8.29,8.2,0.02558763904365513,0.05488533657064095,-0.05859539505397164
46,2019-01-15 11:00:00,8.27,8.29,8.23,8.22,0.02333546786058882,0.04857536282863052,-0.0504797899360834
47,2019-01-15 12:00:00,8.36,8.36,8.27,8.25,0.028484502200230466,0.044557190702950514,-0.032145377005440096
48,2019-01-15 14:00:00,8.3,8.38,8.37,8.26,0.027407711415616376,0.041127294845483685,-0.027439166859734618
49,2019-01-15 15:00:00,8.3,8.35,8.29,8.28,0.026251733320370008,0.03815218254046095,-0.023800898440181878
50,2019-01-16 10:00:00,8.37,8.39,8.29,8.26,0.030630933008477967,0.03664793263406435,-0.012033999251172767
51,2019-01-16 11:00:00,8.39,8.45,8.37,8.33,0.035308301048921464,0.03638000631703577,-0.0021434105362286154
52,2019-01-16 12:00:00,8.46,8.46,8.4,8.38,0.04415457742193141,0.0379349205380149,0.012439313767833013
53,2019-01-16 14:00:00,8.45,8.51,8.48,8.42,0.04978451386891081,0.04030483920419408,0.018959349329433453
54,2019-01-16 15:00:00,8.44,8.47,8.44,8.41,0.05283036705251121,0.04280994477385751,0.020040844557307397
55,2019-01-17 10:00:00,8.35,8.44,8.4,8.3,0.04743517661741237,0.04373499114256848,0.007400370949687776
56,2019-01-17 11:00:00,8.34,8.43,8.35,8.28,0.04186988295324845,0.04336196950470447,-0.0029841731029120466
57,2019-01-17 12:00:00,8.34,8.39,8.34,8.29,0.03703246047615849,0.04209606769899528,-0.010127214445673577
58,2019-01-17 14:00:00,8.28,8.35,8.34,8.28,0.028034109982982613,0.03928367615579274,-0.02249913234562026
59,2019-01-17 15:00:00,8.26,8.31,8.28,8.15,0.019069201648068912,0.035240781254247976,-0.03234315921235813
60,2019-01-18 10:00:00,8.25,8.31,8.26,8.22,0.011030379429568526,0.030398700889312086,-0.03873664291948712
61,2019-01-18 11:00:00,8.17,8.3,8.25,8.11,-0.0017753118177417093,0.023963898347901327,-0.05147842033128607
62,2019-01-18 12:00:00,8.21,8.24,8.17,8.15,-0.008597146136088085,0.017451689451103446,-0.05209767117438306
63,2019-01-18 14:00:00,8.27,8.29,8.21,8.21,-0.009057590161731355,0.012149833528536486,-0.04241484738053568
64,2019-01-18 15:00:00,8.28,8.41,8.27,8.25,-0.008517395707045239,0.00801638768142014,-0.03306756677693076
65,2019-01-21 10:00:00,8.26,8.36,8.28,8.18,-0.009592543690331468,0.004494601407069819,-0.028174290194802575
66,2019-01-21 11:00:00,8.35,8.35,8.26,8.22,-0.003146092182188198,0.0029664626892182155,-0.012225109742812827
67,2019-01-21 12:00:00,8.33,8.36,8.35,8.27,0.0003449577707108631,0.002442161705516745,-0.0041944078696117635
68,2019-01-21 14:00:00,8.35,8.38,8.29,8.29,0.004671621320468944,0.0028880536285071845,0.0035671353839235188
69,2019-01-21 15:00:00,8.42,8.5,8.35,8.3,0.013592265169190654,0.005028895936643878,0.01712673846509355
70,2019-01-22 10:00:00,8.32,8.4,8.38,8.31,0.012449268011701875,0.006512970351655478,0.011872595320092794
71,2019-01-22 11:00:00,8.25,8.35,8.32,8.24,0.005827839834049442,0.0063759442481342715,-0.0010962088281696591
72,2019-01-22 12:00:00,8.23,8.26,8.25,8.21,-0.0010217445197717723,0.004896406494553062,-0.01183630202864967
73,2019-01-22 14:00:00,8.24,8.27,8.23,8.21,-0.0055788633779521035,0.0028013525200520292,-0.016760431796008265
74,2019-01-22 15:00:00,8.25,8.41,8.24,8.2,-0.008287958057403344,0.0005834904045609546,-0.017742896923928598
75,2019-01-23 10:00:00,8.28,8.3,8.3,8.21,-0.007922856076262974,-0.0011177788916038312,-0.013610154369318285
76,2019-01-23 11:00:00,8.26,8.32,8.28,8.25,-0.009141960152849293,-0.0027226151438529238,-0.012838690017992739
77,2019-01-23 12:00:00,8.25,8.26,8.26,8.24,-0.010790637590028851,-0.004336219633088109,-0.012908835913881483
78,2019-01-23 14:00:00,8.25,8.27,8.24,8.22,-0.011959366207873856,-0.005860848948045259,-0.012197034519657195
79,2019-01-23 15:00:00,8.37,8.39,8.25,8.24,-0.0031660981311691927,-0.005321898784670045,0.004311601307001705
80,2019-01-24 10:00:00,8.27,8.36,8.35,8.27,-0.004217912622282327,-0.005101101552192502,0.0017663778598203499
81,2019-01-24 11:00:00,8.33,8.36,8.27,8.24,-0.00020759163814432213,-0.004122399569382866,0.007829615862477088
82,2019-01-24 12:00:00,8.34,8.38,8.34,8.33,0.0037344842512876397,-0.002551022805248765,0.01257101411307281
83,2019-01-24 14:00:00,8.34,8.37,8.33,8.33,0.00678044702219438,-0.0006847288397601358,0.014930351723909031
84,2019-01-24 15:00:00,8.32,8.39,8.35,8.3,0.007494173443593155,0.0009510516169105223,0.013086243653365266
85,2019-01-25 10:00:00,8.38,8.46,8.3,8.3,0.01275428191114436,0.00331169767575729,0.018885168470774143
86,2019-01-25 11:00:00,8.35,8.4,8.39,8.33,0.014336939178756225,0.005516745976357077,0.017640386404798297
87,2019-01-25 12:00:00,8.34,8.36,8.35,8.3,0.01461580810148888,0.007336558401383438,0.014558499400210886
88,2019-01-25 14:00:00,8.32,8.37,8.33,8.3,0.013072291638081879,0.008483705048723126,0.009177173178717506
89,2019-01-25 15:00:00,8.29,8.33,8.32,8.25,0.009320849489967031,0.008651133936971906,0.0013394311059902499
90,2019-01-28 10:00:00,8.3,8.38,8.31,8.25,0.007073185704522089,0.008335544290481943,-0.002524717171919707
91,2019-01-28 11:00:00,8.4,8.48,8.3,8.28,0.013208797431543573,0.009310194918694269,0.007797205025698608
92,2019-01-28 12:00:00,8.3,8.43,8.39,8.29,0.009888165053206777,0.00942578894559677,0.0009247522152200129
93,2019-01-28 14:00:00,8.26,8.35,8.29,8.25,0.003982961166441257,0.008337223389765667,-0.00870852444664882
94,2019-01-28 15:00:00,8.37,8.42,8.26,8.23,0.008085915828758061,0.008286961877564145,-0.0004020920976121681
95,2019-01-29 10:00:00,8.27,8.38,8.31,8.26,0.00323112628124278,0.007275794758299872,-0.008089336954114184
96,2019-01-29 11:00:00,8.17,8.27,8.26,8.11,-0.008586513692236508,0.004103333068192596,-0.02537969352085821
97,2019-01-29 12:00:00,8.21,8.22,8.17,8.14,-0.014556613230523041,0.0003713438084494688,-0.02985591407794502
98,2019-01-29 14:00:00,8.37,8.39,8.2,8.2,-0.006304621549913847,-0.0009638492632231942,-0.010681544573381305
99,2019-01-29 15:00:00,8.38,8.45,8.37,8.32,0.0010301824340395171,-0.000565042923770652,0.0031904507156203382
100,2019-01-30 10:00:00,8.27,8.38,8.38,8.23,-0.002009845013679623,-0.0008540033417524462,-0.002311683343854354
101,2019-01-30 11:00:00,8.19,8.27,8.27,8.14,-0.010750495065156684,-0.0028333016864332938,-0.01583438675744678
102,2019-01-30 12:00:00,8.18,8.22,8.19,8.17,-0.01827379074576818,-0.005921399498300272,-0.02470478249493582
103,2019-01-30 14:00:00,8.03,8.19,8.18,7.95,-0.035925674361681814,-0.01192225447097658,-0.04800683978141047
104,2019-01-30 15:00:00,8.01,8.07,8.03,7.99,-0.050941529908490324,-0.01972610955847933,-0.062430840700021986
105,2019-01-31 10:00:00,8.07,8.11,8.01,7.98,-0.05733923405589181,-0.027248734457961825,-0.060180999195859966
106,2019-01-31 11:00:00,8.16,8.19,8.07,8.06,-0.05451875458099664,-0.032702738482568786,-0.04363203219685571
107,2019-01-31 12:00:00,8.16,8.18,8.17,8.14,-0.05168768086612374,-0.03649972695927978,-0.03037590781368793
108,2019-01-31 14:00:00,8.09,8.17,8.15,8.02,-0.054464615353147394,-0.0400927046380533,-0.028743821430188193
109,2019-01-31 15:00:00,8.01,8.09,8.09,7.98,-0.06240136328055357,-0.04455443636655335,-0.03569385382800043
110,2019-02-01 10:00:00,8.08,8.12,8.04,8.04,-0.06232444085011046,-0.048108437263264775,-0.028432007173691376
111,2019-02-01 11:00:00,7.99,8.11,8.08,7.96,-0.06873341112996023,-0.05223343203660387,-0.032999958186712725
112,2019-02-01 12:00:00,7.99,8.03,7.99,7.95,-0.07297139740471437,-0.05638102511022597,-0.033180744588976796
113,2019-02-01 14:00:00,8.12,8.12,7.99,7.96,-0.06508980377491014,-0.0581227808431628,-0.01393404586349467
114,2019-02-01 15:00:00,8.23,8.27,8.12,8.11,-0.04939807311025035,-0.056377839296580315,0.013959532372659927
115,2019-02-11 10:00:00,8.21,8.25,8.23,8.19,-0.038136482724999254,-0.0527295679822641,0.029186170514529694
116,2019-02-11 11:00:00,8.25,8.27,8.2,8.2,-0.025687812392112264,-0.04732121686423373,0.04326680894424294
117,2019-02-11 12:00:00,8.25,8.27,8.25,8.23,-0.01564184204706187,-0.04098534190079936,0.05068699970747498
118,2019-02-11 14:00:00,8.38,8.4,8.26,8.24,0.002777557420396093,-0.03223276203656027,0.07002063891391272
119,2019-02-11 15:00:00,8.4,8.46,8.39,8.36,0.018772499368738593,-0.022031709755500496,0.08160841824847817
120,2019-02-12 10:00:00,8.51,8.53,8.43,8.36,0.03986514620155823,-0.00965233856408875,0.09903496953129397
121,2019-02-12 11:00:00,8.7,8.78,8.51,8.48,0.0710931157007586,0.006496752288880721,0.12919272682375577
122,2019-02-12 12:00:00,8.68,8.7,8.7,8.66,0.09315385401835741,0.023828172634776056,0.1386513627671627
123,2019-02-12 14:00:00,8.56,8.7,8.68,8.54,0.0998036763011676,0.03902327336805437,0.12156080586622646
124,2019-02-12 15:00:00,8.6,8.6,8.56,8.48,0.10706717038255853,0.052632052770955194,0.10887023522320667
125,2019-02-13 10:00:00,8.74,8.76,8.61,8.56,0.12270589457301995,0.06664682113136815,0.1121181468833036
126,2019-02-13 11:00:00,8.67,8.75,8.75,8.61,0.1279760529037457,0.07891266748584366,0.09812677083580407
127,2019-02-13 12:00:00,8.7,8.75,8.67,8.63,0.13303984016680737,0.0897381020220364,0.08660347628954193
128,2019-02-13 14:00:00,8.69,8.73,8.72,8.64,0.13469335052770326,0.09872915172316978,0.07192839760906697
129,2019-02-13 15:00:00,8.73,8.76,8.69,8.64,0.1376447520864943,0.10651227179583467,0.06226496058131925
130,2019-02-14 10:00:00,8.69,8.75,8.73,8.67,0.1351976193808575,0.11224934131283923,0.04589655613603655
131,2019-02-14 11:00:00,8.64,8.72,8.69,8.6,0.12775103256725906,0.11534967956372319,0.02480270600707174
132,2019-02-14 12:00:00,8.68,8.68,8.64,8.61,0.12365184309714827,0.11701011227040821,0.013283461653480128
133,2019-02-14 14:00:00,8.64,8.69,8.68,8.63,0.11584020641148207,0.11677613109862298,-0.0018718493742818088
134,2019-02-14 15:00:00,8.65,8.7,8.64,8.63,0.10919758272428837,0.11526042142375606,-0.012125677398935386
135,2019-02-15 10:00:00,8.68,8.73,8.67,8.64,0.10514199342265051,0.11323673582353495,-0.016189484801768877
136,2019-02-15 11:00:00,8.69,8.7,8.67,8.6,0.10156405885956943,0.11090220043074184,-0.01867628314234482
137,2019-02-15 12:00:00,8.65,8.68,8.68,8.64,0.09441252541146383,0.10760426542688624,-0.026383480030844814
138,2019-02-15 14:00:00,8.65,8.66,8.64,8.62,0.08773354592463889,0.10363012152643676,-0.03179315120359574
139,2019-02-15 15:00:00,8.58,8.65,8.65,8.55,0.07591686916516593,0.0980874710541826,-0.04434120377803333
140,2019-02-18 10:00:00,8.64,8.68,8.62,8.62,0.07057996436312663,0.09258596971597141,-0.04401201070568955
141,2019-02-18 11:00:00,8.67,8.68,8.64,8.6,0.06798746100696462,0.08766626797417006,-0.03935761393441087
142,2019-02-18 12:00:00,8.65,8.69,8.67,8.64,0.0635860699329669,0.08285022836592942,-0.03852831686592506
143,2019-02-18 14:00:00,8.68,8.69,8.63,8.62,0.061806221428463815,0.0786414269784363,-0.03367041109994498
144,2019-02-18 15:00:00,8.7,8.72,8.68,8.66,0.06130285041862926,0.0751737116664749,-0.027741722495691262
145,2019-02-19 10:00:00,8.69,8.72,8.7,8.66,0.059412142642619514,0.07202139786170382,-0.025218510438168612
146,2019-02-19 11:00:00,8.67,8.7,8.69,8.62,0.05565831583642833,0.06874878145664873,-0.026180931240440797
147,2019-02-19 12:00:00,8.65,8.68,8.67,8.64,0.050487559041417995,0.06509653697360258,-0.029217955864369177
148,2019-02-19 14:00:00,8.53,8.64,8.64,8.49,0.03628838993944328,0.05933490756677072,-0.046093035254654885
149,2019-02-19 15:00:00,8.59,8.6,8.53,8.48,0.029536466683596885,0.05337521939013595,-0.047677505413078136
150,2019-02-20 10:00:00,8.57,8.6,8.6,8.55,0.022314458814390647,0.04716306727498689,-0.049697216921192486
151,2019-02-20 11:00:00,8.54,8.58,8.57,8.54,0.014008732320689887,0.04053220028412749,-0.053046935926875205
152,2019-02-20 12:00:00,8.55,8.56,8.54,8.53,0.008139473873251646,0.03405365500195232,-0.05182836225740135
153,2019-02-20 14:00:00,8.51,8.55,8.55,8.48,0.0002574112848225951,0.027294406258526378,-0.054073989947407565
154,2019-02-20 15:00:00,8.51,8.54,8.51,8.5,-0.005920927338987525,0.020651339539023598,-0.053144533756022246
155,2019-02-21 10:00:00,8.51,8.54,8.52,8.48,-0.010694031077424171,0.014382265415734044,-0.05015259298631643
156,2019-02-21 11:00:00,8.53,8.54,8.5,8.49,-0.012716331373038514,0.008962546057979533,-0.043357754862036094
157,2019-02-21 12:00:00,8.54,8.55,8.54,8.52,-0.013358118426603838,0.004498413161062859,-0.03571306317533339
158,2019-02-21 14:00:00,8.48,8.58,8.54,8.48,-0.018495038557725607,-0.00010027718269483427,-0.036789522750061546
159,2019-02-21 15:00:00,8.44,8.5,8.48,8.42,-0.025499804602819864,-0.00518018266671984,-0.04063924387220005
160,2019-02-22 10:00:00,8.47,8.52,8.47,8.43,-0.0283041107110531,-0.009804968275586492,-0.036998284870933214
161,2019-02-22 11:00:00,8.57,8.58,8.47,8.47,-0.022201454690883082,-0.01228426555864581,-0.019834378264474546
162,2019-02-22 12:00:00,8.57,8.59,8.57,8.55,-0.017167163453532197,-0.013260845137623087,-0.00781263663181822
163,2019-02-22 14:00:00,8.58,8.6,8.57,8.55,-0.012229560194027655,-0.013054588148904001,0.0016500559097526908
164,2019-02-22 15:00:00,8.62,8.66,8.59,8.58,-0.00503081621357282,-0.011449833761837764,0.01283803509652989
165,2019-02-25 10:00:00,8.71,8.78,8.68,8.68,0.00784604378494258,-0.007590658252481695,0.03087340407484855
166,2019-02-25 11:00:00,8.74,8.76,8.71,8.69,0.020238500549764282,-0.0020248264920324998,0.04452665408359356
167,2019-02-25 12:00:00,8.8,8.83,8.74,8.74,0.03450337692619598,0.005280814191613197,0.058445125469165575
168,2019-02-25 14:00:00,8.89,8.91,8.81,8.81,0.052465848424240846,0.014717821038138726,0.07549605477220424
169,2019-02-25 15:00:00,8.92,8.93,8.9,8.88,0.06833427084095156,0.025441110998701295,0.08578631968450054
170,2019-02-26 10:00:00,8.92,8.92,8.9,8.73,0.0799880573971663,0.036350500278394295,0.08727511423754401
171,2019-02-26 11:00:00,8.95,9.1,8.92,8.88,0.09060013452927507,0.04720042712857045,0.08679941480140924
172,2019-02-26 12:00:00,9.02,9.02,8.95,8.92,0.10346600539313044,0.058453542781482445,0.090024925223296
173,2019-02-26 14:00:00,9.01,9.08,9.02,8.99,0.11156928307400449,0.06907669083998685,0.08498518446803527
174,2019-02-26 15:00:00,8.93,9.03,9.01,8.87,0.11026479370062958,0.0773143114121154,0.06590096457702838
175,2019-02-27 10:00:00,8.96,8.98,8.88,8.88,0.1103793414143599,0.08392731741256429,0.05290404800359122
176,2019-02-27 11:00:00,8.95,8.97,8.95,8.87,0.10841348174375653,0.08882455027880273,0.0391778629299076
177,2019-02-27 12:00:00,8.93,8.95,8.95,8.91,0.10404235542925377,0.09186811130889294,0.024348488240721666
178,2019-02-27 14:00:00,8.74,8.95,8.93,8.72,0.08427532079049094,0.09034955320521254,-0.012148464829443206
179,2019-02-27 15:00:00,8.75,8.81,8.74,8.69,0.06862564612148425,0.08600477178846688,-0.03475825133396526
180,2019-02-28 10:00:00,8.85,8.89,8.76,8.76,0.06355965433099264,0.08151574829697203,-0.03591218793195877
181,2019-02-28 11:00:00,8.79,8.9,8.85,8.79,0.054079921112448304,0.07602858286006728,-0.04389732349523795
182,2019-02-28 12:00:00,8.75,8.82,8.79,8.73,0.042845601113731036,0.06939198651080003,-0.05309277079413799
183,2019-02-28 14:00:00,8.71,8.8,8.76,8.68,0.03036463130147382,0.06158651546893479,-0.062443768334921934
184,2019-02-28 15:00:00,8.8,8.8,8.71,8.71,0.027419545194417694,0.05475312141403137,-0.054667152439227346
185,2019-03-01 10:00:00,8.72,8.85,8.81,8.68,0.018417901718013496,0.04748607747482779,-0.05813635151362859
186,2019-03-01 11:00:00,8.72,8.73,8.72,8.66,0.011155441424898882,0.04021995026484201,-0.05812901767988625
187,2019-03-01 12:00:00,8.64,8.71,8.71,8.64,-0.001043414262582587,0.03196727735935709,-0.06602138324387935
188,2019-03-01 14:00:00,8.64,8.66,8.64,8.62,-0.010589031519014469,0.023456015583682776,-0.0680900942053945
189,2019-03-01 15:00:00,8.7,8.71,8.63,8.62,-0.013160793967568196,0.01613265367343258,-0.058586895282001554
190,2019-03-04 10:00:00,8.73,8.79,8.73,8.7,-0.012632564615666197,0.010379610015612824,-0.046024349262558044
191,2019-03-04 11:00:00,8.82,8.86,8.73,8.73,-0.004895261680520235,0.007324635676386212,-0.024439794713812895
192,2019-03-04 12:00:00,8.85,8.87,8.82,8.81,0.003615676649642907,0.006582843871037551,-0.005934334442789287
193,2019-03-04 14:00:00,8.9,8.91,8.86,8.82,0.01423119042228116,0.008112513181286272,0.012237354481989773
194,2019-03-04 15:00:00,8.8,8.9,8.88,8.73,0.014408801606860422,0.009371770866401102,0.01007406148091864
195,2019-03-05 10:00:00,8.78,8.8,8.8,8.74,0.01278831120609425,0.01005507893433973,0.005466464543509037
196,2019-03-05 11:00:00,8.79,8.8,8.78,8.75,0.012170681277220652,0.010478199402915915,0.0033849637486094743
197,2019-03-05 12:00:00,8.75,8.82,8.79,8.74,0.008357202771380301,0.010054000076608793,-0.0033935946104569834
198,2019-03-05 14:00:00,8.78,8.79,8.76,8.73,0.007667358326392204,0.009576671726565475,-0.003818626800346541
199,2019-03-05 15:00:00,8.88,8.88,8.78,8.77,0.015016712583722835,0.010664679897996947,0.008704065371451776
200,2019-03-06 10:00:00,8.91,9.03,8.88,8.88,0.02299678543395345,0.013131101005188248,0.0197313688575304
201,2019-03-06 11:00:00,8.95,8.96,8.91,8.87,0.0321777908244858,0.016940438969047757,0.03047470371087608
202,2019-03-06 12:00:00,9.01,9.03,8.95,8.93,0.04379051253131827,0.02231045368150186,0.04296011769963282
203,2019-03-06 14:00:00,9.02,9.07,9.01,9.0,0.05318748238674509,0.028485859422550507,0.04940324592838916
204,2019-03-06 15:00:00,9.14,9.14,9.01,8.92,0.06951630512376639,0.03669194856279369,0.0656487131219454
205,2019-03-07 10:00:00,9.17,9.25,9.08,9.06,0.08391049609865497,0.046135658069965946,0.07554967605737806
206,2019-03-07 11:00:00,9.04,9.19,9.17,8.98,0.08386138081005079,0.053680802617982915,0.06036115638413575
207,2019-03-07 12:00:00,9.03,9.06,9.04,8.98,0.08206949412171305,0.05935854091872894,0.045421906405968215
208,2019-03-07 14:00:00,9.06,9.08,9.03,9.0,0.08212349179755307,0.06391153109449377,0.03642392140611861
209,2019-03-07 15:00:00,9.06,9.12,9.06,9.04,0.08122991742053287,0.0673752083597016,0.027709418121662555
210,2019-03-08 10:00:00,8.91,8.97,8.91,8.81,0.06763831450497015,0.0674278295887553,0.00042096983242970176
211,2019-03-08 11:00:00,8.89,8.98,8.91,8.88,0.054623374163661254,0.0648669385037365,-0.020487128680150485
212,2019-03-08 12:00:00,8.82,8.92,8.9,8.82,0.03821994940436113,0.059537540683861426,-0.04263518255900059
213,2019-03-08 14:00:00,8.81,8.88,8.81,8.75,0.024134987562694832,0.05245703005962811,-0.056644084993866556
214,2019-03-08 15:00:00,8.64,8.83,8.81,8.63,-0.0007365351059931413,0.04181831702650386,-0.08510970426499401
215,2019-03-11 10:00:00,8.7,8.78,8.68,8.62,-0.015428052466292641,0.030369043127944563,-0.09159419118847441
216,2019-03-11 11:00:00,8.74,8.77,8.71,8.65,-0.023571799087992673,0.019580874684757117,-0.08630534754549958
217,2019-03-11 12:00:00,8.74,8.78,8.73,8.7,-0.029683602861826586,0.009727979175440377,-0.07882316407453392
218,2019-03-11 14:00:00,8.73,8.78,8.75,8.72,-0.034931499233215035,0.0007960834937092945,-0.07145516545384865
219,2019-03-11 15:00:00,8.82,8.82,8.72,8.7,-0.03146553201156088,-0.005656239607344741,-0.05161858480843228
220,2019-03-12 10:00:00,8.97,8.97,8.85,8.85,-0.01642563709987499,-0.007810119105850791,-0.0172310359880484
221,2019-03-12 11:00:00,9.1,9.15,8.97,8.96,0.005915313467397709,-0.00506503259120109,0.0219606921171976
222,2019-03-12 12:00:00,9.15,9.15,9.09,9.09,0.027340100225604402,0.0014159939721600082,0.051848212506888786
223,2019-03-12 14:00:00,9.07,9.24,9.15,9.02,0.03743256734128586,0.008619308645985178,0.057626517390601366
224,2019-03-12 15:00:00,9.19,9.22,9.07,8.93,0.054485838530593966,0.017792614622906936,0.07338644781537407
225,2019-03-13 10:00:00,9.11,9.18,9.16,9.04,0.06084397591788182,0.02640288688190191,0.06888217807195982
226,2019-03-13 11:00:00,9.17,9.28,9.11,9.08,0.06991836873221935,0.0351059832519654,0.0696247709605079
227,2019-03-13 12:00:00,9.2,9.25,9.17,9.16,0.07862430761829842,0.043809648125232005,0.06962931898613282
228,2019-03-13 14:00:00,9.09,9.21,9.21,9.09,0.07577426762741268,0.050202572025668135,0.0511433912034891
229,2019-03-13 15:00:00,8.94,9.13,9.09,8.92,0.06071199392939519,0.05230445640641355,0.016815075045963288
230,2019-03-14 10:00:00,8.91,9.03,8.92,8.9,0.04582603027505883,0.0510087711801426,-0.01036548181016754
231,2019-03-14 11:00:00,8.84,8.93,8.91,8.71,0.02805695869089142,0.04641840868229236,-0.036722899982801885
232,2019-03-14 12:00:00,8.77,8.85,8.83,8.76,0.008231538404823269,0.03878103462679854,-0.06109899244395055
233,2019-03-14 14:00:00,8.83,8.83,8.78,8.76,-0.0026086802056841663,0.030503091660302,-0.06622354373197234
234,2019-03-14 15:00:00,8.82,8.84,8.83,8.72,-0.011869721222968366,0.022028529083647927,-0.06779650061323259
235,2019-03-15 10:00:00,8.86,8.91,8.88,8.81,-0.015799371920577343,0.014462948882802872,-0.06052464160676043
236,2019-03-15 11:00:00,8.9,8.92,8.86,8.85,-0.01550722506633484,0.00846891409297533,-0.04795227831862034
237,2019-03-15 12:00:00,8.91,8.97,8.9,8.89,-0.014303893769518794,0.003914352520476505,-0.0364364925799906
238,2019-03-15 14:00:00,8.82,8.94,8.92,8.8,-0.020377592682047307,-0.0009440365200282574,-0.0388671123240381
239,2019-03-15 15:00:00,8.84,8.86,8.82,8.81,-0.02330852382226567,-0.005416933980475739,-0.03578317968357986
240,2019-03-18 10:00:00,8.82,8.9,8.88,8.76,-0.026934654786000323,-0.009720478141580656,-0.034428353288839336
241,2019-03-18 11:00:00,8.87,8.89,8.81,8.79,-0.025480088962309466,-0.012872400305726417,-0.025215377313166098
242,2019-03-18 12:00:00,8.87,8.87,8.87,8.83,-0.02405010047978884,-0.0151079403405389,-0.017884320278499878
243,2019-03-18 14:00:00,8.87,8.88,8.86,8.82,-0.022655663913941027,-0.016617485055219323,-0.012076357717443406
244,2019-03-18 15:00:00,9.0,9.0,8.87,8.86,-0.010934602058487286,-0.015480908455872916,0.00909261279477126
245,2019-03-19 10:00:00,9.01,9.07,9.05,8.92,-0.0008291022907300771,-0.01255054722284435,0.023442889864228544
246,2019-03-19 11:00:00,8.98,9.04,9.01,8.95,0.004704598123218773,-0.009099518153631725,0.027608232553700995
247,2019-03-19 12:00:00,8.97,8.98,8.96,8.95,0.008188783939013788,-0.005641857735102622,0.02766128334823282
248,2019-03-19 14:00:00,8.99,9.0,8.97,8.91,0.012420681271171574,-0.0020293499338477827,0.028900062410038715
249,2019-03-19 15:00:00,8.98,9.01,8.99,8.94,0.014797003326039615,0.0013359207181296968,0.026922165215819836
250,2019-03-20 10:00:00,8.95,9.02,8.98,8.94,0.014097004898074417,0.003888137554118641,0.02041773468791155
251,2019-03-20 11:00:00,9.01,9.01,8.94,8.92,0.01817424823915026,0.006745359691124965,0.022857777096050587
252,2019-03-20 12:00:00,8.9,9.01,9.01,8.87,0.01238662694524173,0.00787361314194832,0.009026027606586821
253,2019-03-20 14:00:00,8.77,8.93,8.89,8.76,-0.0026593626946578297,0.005767017974627089,-0.01685276133856984
254,2019-03-20 15:00:00,8.94,8.96,8.76,8.76,-0.0008559715271196922,0.004442420074277733,-0.01059678320279485
255,2019-03-21 10:00:00,9.02,9.04,8.92,8.89,0.006948462823824997,0.004943628624187186,0.004009668399275622
256,2019-03-21 11:00:00,9.07,9.12,9.03,9.02,0.016972467368596256,0.007349396373069,0.01924614199105451
257,2019-03-21 12:00:00,9.05,9.07,9.07,8.97,0.023037172155882857,0.010486951529631772,0.02510044125250217
258,2019-03-21 14:00:00,9.15,9.25,9.07,9.07,0.03550339759143917,0.01549024074199325,0.040026313698891834
259,2019-03-21 15:00:00,9.12,9.16,9.15,9.08,0.0424726238148363,0.02088671735656186,0.043171812916548875
260,2019-03-22 10:00:00,9.08,9.17,9.09,9.07,0.044257942094537484,0.025560962304156987,0.03739395958076099
261,2019-03-22 11:00:00,9.0,9.11,9.07,8.96,0.03877056533823975,0.028202882910973538,0.02113536485453242
262,2019-03-22 12:00:00,9.0,9.03,8.99,8.94,0.03402950873044652,0.029368208074868136,0.009322601311156774
263,2019-03-22 14:00:00,9.07,9.1,9.0,8.99,0.03551125060490712,0.03059681658087593,0.009828868048062378
264,2019-03-22 15:00:00,9.1,9.11,9.07,9.02,0.038660635257491194,0.032209580316198985,0.012902109882584417
265,2019-03-25 10:00:00,8.99,9.04,9.0,8.96,0.031912596050739594,0.03215018346310711,-0.00047517482473502515
266,2019-03-25 11:00:00,9.03,9.07,8.99,8.97,0.02945287762891624,0.031610722296268934,-0.004315689334705386
267,2019-03-25 12:00:00,8.96,9.03,9.03,8.96,0.021606056898098913,0.02960978921663493,-0.016007464637072033
268,2019-03-25 14:00:00,8.98,9.0,8.96,8.96,0.016807481603036578,0.02704932769391526,-0.020483692181757364
269,2019-03-25 15:00:00,8.88,9.01,8.98,8.87,0.004879167835076359,0.02261529572214748,-0.035472255774142245
270,2019-03-26 10:00:00,8.78,8.95,8.91,8.76,-0.012499188169281084,0.015592398943861769,-0.0561831742262857
271,2019-03-26 11:00:00,8.7,8.81,8.78,8.69,-0.03235403474626608,0.0060031122058361985,-0.07671429390420456
272,2019-03-26 12:00:00,8.59,8.71,8.7,8.58,-0.056316048050213396,-0.006460719845373721,-0.09971065640967935
273,2019-03-26 14:00:00,8.58,8.69,8.56,8.54,-0.07524564766954178,-0.020217705410207332,-0.1100558845186689
274,2019-03-26 15:00:00,8.56,8.61,8.57,8.49,-0.09081447189927871,-0.0343370587080216,-0.11295482638251422
275,2019-03-27 10:00:00,8.56,8.63,8.58,8.52,-0.10197734590378182,-0.04786511614717365,-0.10822445951321635
276,2019-03-27 11:00:00,8.55,8.58,8.57,8.44,-0.11035877316196618,-0.06036384755013215,-0.09998985122366806
277,2019-03-27 12:00:00,8.52,8.58,8.55,8.52,-0.11806093100627635,-0.071903264241361,-0.0923153335298307
278,2019-03-27 14:00:00,8.5,8.55,8.52,8.45,-0.12434540303807395,-0.08239169200070359,-0.08390742207474072
279,2019-03-27 15:00:00,8.55,8.55,8.52,8.46,-0.12386348906825084,-0.09068605141421304,-0.0663548753080756
280,2019-03-28 10:00:00,8.5,8.55,8.53,8.45,-0.12606297539880806,-0.09776143621113205,-0.05660307837535203
281,2019-03-28 11:00:00,8.52,8.57,8.5,8.48,-0.12475416297518471,-0.10315998156394257,-0.04318836282248428
282,2019-03-28 12:00:00,8.5,8.55,8.52,8.5,-0.1239024818686385,-0.10730848162488175,-0.0331880004875135
283,2019-03-28 14:00:00,8.46,8.52,8.51,8.44,-0.12501409944192865,-0.11084960518829115,-0.028328988507275
284,2019-03-28 15:00:00,8.4,8.49,8.46,8.4,-0.12924668757551316,-0.11452902166573556,-0.02943533181955521
285,2019-03-29 10:00:00,8.39,8.5,8.44,8.39,-0.13188764195281522,-0.11800074572315149,-0.027773792459327457
286,2019-03-29 11:00:00,8.55,8.56,8.39,8.37,-0.1196902399184765,-0.1183386445622165,-0.0027031907125199817
287,2019-03-29 12:00:00,8.63,8.65,8.55,8.55,-0.10238811308338391,-0.11514853826644997,0.02552085036613211
288,2019-03-29 14:00:00,8.63,8.64,8.63,8.59,-0.0876654996019468,-0.10965193053354934,0.043972861863205065
289,2019-03-29 15:00:00,8.64,8.67,8.63,8.6,-0.07433393063954696,-0.10258833055474885,0.05650879983040377
290,2019-04-01 10:00:00,8.77,8.78,8.72,8.69,-0.052671488510718234,-0.09260496214594273,0.07986694727044899
291,2019-04-01 11:00:00,8.79,8.82,8.77,8.76,-0.033503803213083216,-0.08078473035937082,0.09456185429257521
292,2019-04-01 12:00:00,8.8,8.81,8.8,8.76,-0.01730685543615529,-0.06808915537472772,0.10156459987714486
293,2019-04-01 14:00:00,8.83,8.88,8.8,8.79,-0.002026547571766457,-0.05487663381413547,0.10570017248473802
294,2019-04-01 15:00:00,8.83,8.85,8.83,8.79,0.009968298163258282,-0.04190764741865672,0.10375189116383
295,2019-04-02 10:00:00,8.89,8.95,8.87,8.87,0.024038695270034438,-0.028718378880918487,0.10551414830190585
296,2019-04-02 11:00:00,8.88,8.92,8.91,8.86,0.033990844624119276,-0.016176534179910933,0.10033475760806042
297,2019-04-02 12:00:00,8.86,8.89,8.88,8.84,0.03980531098843976,-0.004980165146240795,0.0895709522693611
298,2019-04-02 14:00:00,8.87,8.9,8.87,8.85,0.0447049035987952,0.004956848602766404,0.07949610999205758
299,2019-04-02 15:00:00,8.85,8.88,8.87,8.83,0.04643871657159515,0.013253222196532155,0.066370988750126
300,2019-04-03 10:00:00,8.89,8.95,8.8,8.79,0.050458784096477416,0.020694334576521208,0.05952889903991242
301,2019-04-03 11:00:00,8.88,8.93,8.89,8.86,0.05223565997384583,0.027002599655986132,0.05046612063571939
302,2019-04-03 12:00:00,8.84,8.89,8.88,8.81,0.04984163782678053,0.03157040729014501,0.03654246107327104
303,2019-04-03 14:00:00,8.86,8.89,8.84,8.81,0.04899342517222571,0.03505501086656115,0.027876828611329132
304,2019-04-03 15:00:00,8.9,8.91,8.86,8.84,0.050961424657433696,0.03823629362473566,0.02545026206539608
305,2019-04-04 10:00:00,8.88,8.94,8.91,8.85,0.050327106024392165,0.04065445610466696,0.01934529983945041
306,2019-04-04 11:00:00,8.91,8.95,8.88,8.86,0.05164976685577649,0.04285351825488887,0.017592497201775248
307,2019-04-04 12:00:00,8.9,8.91,8.9,8.87,0.051299717457506944,0.044542758095412485,0.013513918724188917
308,2019-04-04 14:00:00,8.9,8.91,8.9,8.87,0.050440850066184595,0.04572237648956691,0.00943694715323537
309,2019-04-04 15:00:00,8.93,8.94,8.9,8.9,0.05158628615485128,0.04689515842262378,0.009382255464454994
310,2019-04-08 10:00:00,8.97,9.02,8.95,8.93,0.055086712877825406,0.048533469313664104,0.013106487128322603
311,2019-04-08 11:00:00,8.92,8.99,8.97,8.91,0.05321283965077939,0.04946934338108716,0.007486992539384452
312,2019-04-08 12:00:00,8.84,8.92,8.92,8.82,0.04475652484724435,0.0485267796743186,-0.0075405096541485
313,2019-04-08 14:00:00,8.8,8.84,8.82,8.74,0.03443027792313913,0.04570747932408271,-0.022554402801887155
314,2019-04-08 15:00:00,8.84,8.85,8.8,8.78,0.029138428875214117,0.04239366923430899,-0.026510480718189747
315,2019-04-09 10:00:00,8.87,8.89,8.84,8.76,0.027053493821993513,0.039325634151845895,-0.024544280659704765
316,2019-04-09 11:00:00,8.91,8.92,8.87,8.85,0.02830257896466115,0.037121023114408944,-0.017636888299495584
317,2019-04-09 12:00:00,8.92,8.92,8.91,8.88,0.029756391210742805,0.035648096733675715,-0.011783411045865819
318,2019-04-09 14:00:00,8.93,8.96,8.92,8.91,0.031354034523648266,0.034789284291670226,-0.00687049953604392
319,2019-04-09 15:00:00,8.92,8.95,8.94,8.9,0.031450717637477865,0.03412157096083175,-0.005341706646707772
320,2019-04-10 10:00:00,8.79,8.9,8.9,8.75,0.020797683408853018,0.031456793450436005,-0.021318220083165973
321,2019-04-10 11:00:00,8.84,8.87,8.79,8.76,0.016202882421653797,0.028406011244679563,-0.024406257646051532
322,2019-04-10 12:00:00,8.82,8.86,8.84,8.79,0.010822877290125987,0.02488938445376885,-0.028133014327285724
323,2019-04-10 14:00:00,8.8,8.83,8.82,8.77,0.004888994326222473,0.020889306428259573,-0.0320006242040742
324,2019-04-10 15:00:00,8.82,8.87,8.8,8.79,0.001779667282409747,0.01706737859908961,-0.030575422633359724
325,2019-04-11 10:00:00,8.79,8.86,8.86,8.76,-0.0030698586611173084,0.013039931147048225,-0.03221957961633107
326,2019-04-11 11:00:00,8.73,8.8,8.79,8.72,-0.011620685441249279,0.008107807829388724,-0.03945698654127601
327,2019-04-11 12:00:00,8.7,8.74,8.72,8.69,-0.02058078408162345,0.0023700894471862894,-0.04590174705761948
328,2019-04-11 14:00:00,8.74,8.77,8.7,8.7,-0.02417538234309191,-0.0029390049108693507,-0.04247275486444512
329,2019-04-11 15:00:00,8.72,8.77,8.74,8.71,-0.028311601695033772,-0.008013524267702235,-0.04059615485466307
330,2019-04-12 10:00:00,8.71,8.74,8.68,8.67,-0.03202731085459121,-0.01281628158508003,-0.03842205853902235
331,2019-04-12 11:00:00,8.76,8.76,8.71,8.68,-0.030584891411455928,-0.01637000355035521,-0.028429775722201435
332,2019-04-12 12:00:00,8.83,8.84,8.76,8.76,-0.023522199353029905,-0.01780044271089015,-0.011443513284279512
333,2019-04-12 14:00:00,8.84,8.87,8.81,8.79,-0.016922971109496032,-0.017624948390611326,0.0014039545622305874
334,2019-04-12 15:00:00,8.89,8.89,8.84,8.81,-0.007571177230836668,-0.015614194158656395,0.016086033855639455
335,2019-04-15 10:00:00,8.81,8.97,8.97,8.81,-0.006539758354612957,-0.013799306997847708,0.014519097286469503
336,2019-04-15 11:00:00,8.82,8.85,8.81,8.79,-0.004859418684015182,-0.012011329335081204,0.014303821302132043
337,2019-04-15 12:00:00,9.02,9.06,8.82,8.81,0.012466880701028416,-0.0071156873278592795,0.03916513605777539
338,2019-04-15 14:00:00,8.93,9.04,9.02,8.89,0.01872005679243216,-0.0019485385038009915,0.0413371905924663
339,2019-04-15 15:00:00,8.84,8.98,8.93,8.83,0.016226447669827948,0.0016864587309247964,0.029079977877806303
340,2019-04-16 10:00:00,9.1,9.1,8.76,8.66,0.034828589266993504,0.008314884838138538,0.05302740885770993
341,2019-04-16 11:00:00,9.26,9.43,9.1,9.02,0.061769542492498886,0.01900581636901061,0.08552745224697655
342,2019-04-16 12:00:00,9.15,9.26,9.26,9.14,0.07339827174333635,0.029884307443875758,0.0870279285989212
343,2019-04-16 14:00:00,9.29,9.35,9.17,9.16,0.0928407431308198,0.04247559458126456,0.10073029709911048
344,2019-04-16 15:00:00,9.45,9.46,9.29,9.29,0.1197789672306353,0.057936269111138715,0.12368539623899318
345,2019-04-17 10:00:00,9.59,9.77,9.4,9.35,0.15068750215521298,0.07648651571995357,0.14840197287051882
346,2019-04-17 11:00:00,9.3,9.6,9.6,9.28,0.15005245114563692,0.09119970280509024,0.11770549668109337
347,2019-04-17 12:00:00,9.3,9.34,9.31,9.26,0.14784490461510558,0.1025287431670933,0.09063232289602455
348,2019-04-17 14:00:00,9.3,9.35,9.31,9.26,0.14443050314970307,0.11090909516361527,0.0670428159721756
349,2019-04-17 15:00:00,9.17,9.31,9.28,9.1,0.1297391002562982,0.11467509618215185,0.030128008148292695
350,2019-04-18 10:00:00,9.07,9.23,9.12,9.03,0.10877302562179203,0.11349468207007989,-0.009443312896575712
351,2019-04-18 11:00:00,9.14,9.23,9.08,8.97,0.0966910808155923,0.11013396181918238,-0.026885762007180153
352,2019-04-18 12:00:00,9.15,9.2,9.14,9.11,0.08692099778149576,0.10549136901164506,-0.03714074246029861
353,2019-04-18 14:00:00,9.04,9.19,9.15,9.02,0.06950089286553585,0.09829327378242322,-0.057584761833774756
354,2019-04-18 15:00:00,9.0,9.07,9.04,8.99,0.051869746360262425,0.08900856829799106,-0.07427764387545727
355,2019-04-19 10:00:00,8.98,9.03,8.95,8.93,0.03586962022239426,0.0783807786828717,-0.08502231692095488
356,2019-04-19 11:00:00,8.87,8.99,8.98,8.85,0.014150209485061183,0.0655346648433096,-0.10276891071649683
357,2019-04-19 12:00:00,8.9,8.93,8.87,8.87,-0.0006345164143883864,0.05230082859177,-0.10587069001231678
358,2019-04-19 14:00:00,8.91,8.96,8.9,8.88,-0.011413039367923261,0.03955805499983135,-0.10194218873550923
359,2019-04-19 15:00:00,8.95,8.97,8.91,8.9,-0.016536804766072777,0.028339083046650525,-0.0897517756254466
360,2019-04-22 10:00:00,8.93,9.03,8.99,8.88,-0.0219581388556076,0.0182796386661989,-0.080475555043613
361,2019-04-22 11:00:00,8.9,8.95,8.93,8.89,-0.028348550021419783,0.008954000928675163,-0.07460510190018989
362,2019-04-22 12:00:00,8.86,8.91,8.9,8.86,-0.036223105208064155,-8.142029867270056e-05,-0.0722833698187829
363,2019-04-22 14:00:00,8.85,8.89,8.86,8.82,-0.0427775503804142,-0.008620646315021,-0.0683138081307864
364,2019-04-22 15:00:00,8.84,8.89,8.85,8.82,-0.048223026793161594,-0.016541122410649117,-0.06336380876502495
365,2019-04-23 10:00:00,8.87,8.89,8.85,8.79,-0.04954671313599235,-0.023142240555717765,-0.05280894516054917
366,2019-04-23 11:00:00,8.76,8.88,8.87,8.75,-0.05879408319791324,-0.03027260908415686,-0.057042948227512755
367,2019-04-23 12:00:00,8.75,8.77,8.76,8.71,-0.06616687645784758,-0.037451462558895005,-0.05743082779790515
368,2019-04-23 14:00:00,8.77,8.82,8.76,8.74,-0.06959380135998572,-0.04387993031911315,-0.05142774208174514
369,2019-04-23 15:00:00,8.65,8.79,8.76,8.65,-0.08105827185185888,-0.0513155986256623,-0.05948534645239316
370,2019-04-24 10:00:00,8.64,8.74,8.65,8.62,-0.0899143866605705,-0.05903535623264393,-0.06175806085585314
371,2019-04-24 11:00:00,8.65,8.67,8.64,8.63,-0.09503055197610699,-0.06623439538133655,-0.05759231318954089
372,2019-04-24 12:00:00,8.6,8.66,8.65,8.57,-0.10194457834040449,-0.07337643197315014,-0.05713629273450871
373,2019-04-24 14:00:00,8.73,8.75,8.62,8.6,-0.09582941861624406,-0.07786702930176892,-0.03592477862895027
374,2019-04-24 15:00:00,8.72,8.75,8.73,8.7,-0.09074398671137729,-0.0804424207836906,-0.02060313185537338
375,2019-04-25 10:00:00,8.73,8.78,8.72,8.71,-0.0849278336609931,-0.0813395033591511,-0.007176660603683993
376,2019-04-25 11:00:00,8.74,8.77,8.73,8.73,-0.0786054592350709,-0.08079269453433506,0.004374470598528329
377,2019-04-25 12:00:00,8.75,8.77,8.74,8.74,-0.07195852247133949,-0.07902586012173594,0.014134675300792904
378,2019-04-25 14:00:00,8.65,8.76,8.75,8.62,-0.07390797631774682,-0.07800228336093812,0.008188614086382606
379,2019-04-25 15:00:00,8.44,8.66,8.65,8.42,-0.09134520680917468,-0.08067086805058543,-0.021348677517178505
380,2019-04-26 10:00:00,8.48,8.51,8.51,8.4,-0.10077500042144294,-0.08469169452475693,-0.03216661179337202
381,2019-04-26 11:00:00,8.48,8.55,8.48,8.43,-0.10701458230659355,-0.08915627208112425,-0.035716620450938596
382,2019-04-26 12:00:00,8.44,8.49,8.48,8.42,-0.11387448740400075,-0.09409991514569956,-0.03954914451660238
383,2019-04-26 14:00:00,8.44,8.51,8.44,8.43,-0.11795134196859003,-0.09887020051027764,-0.03816228291662477
384,2019-04-26 15:00:00,8.42,8.48,8.45,8.41,-0.1213967255508912,-0.10337550551840036,-0.036042440064981696
385,2019-04-29 10:00:00,8.41,8.48,8.38,8.38,-0.12351038248231383,-0.10740248091118305,-0.03221580314226155
386,2019-04-29 11:00:00,8.35,8.45,8.41,8.21,-0.12854518056268915,-0.11163102084148427,-0.03382831944240977
387,2019-04-29 12:00:00,8.38,8.41,8.36,8.31,-0.12863175819759576,-0.11503116831270657,-0.027201179769778372
388,2019-04-29 14:00:00,8.41,8.44,8.38,8.38,-0.12484053830246467,-0.11699304231065819,-0.01569499198361296
389,2019-04-29 15:00:00,8.25,8.41,8.41,8.23,-0.13321105789115428,-0.12023664542675741,-0.025948824928793746
390,2019-04-30 10:00:00,8.38,8.39,8.25,8.25,-0.12788071217982555,-0.12176545877737104,-0.01223050680490903
391,2019-04-30 11:00:00,8.4,8.42,8.38,8.34,-0.1206517437486756,-0.12154271577163196,0.0017819440459127256
392,2019-04-30 12:00:00,8.36,8.41,8.4,8.34,-0.11680395658753362,-0.12059496393481228,0.007582014694557326
393,2019-04-30 14:00:00,8.25,8.37,8.36,8.25,-0.12123313808136693,-0.12072259876412321,-0.0010210786344874434
394,2019-04-30 15:00:00,8.27,8.29,8.27,8.23,-0.12172627870381092,-0.12092333475206077,-0.0016058879035003026
395,2019-05-06 10:00:00,8.0,8.08,8.08,7.96,-0.1422639099185048,-0.12519144978534957,-0.03414492026631044
396,2019-05-06 11:00:00,7.73,8.03,8.0,7.7,-0.17827186702496434,-0.13580753323327252,-0.08492866758338363
397,2019-05-06 12:00:00,7.83,7.86,7.74,7.74,-0.19647443322489622,-0.14794091323159725,-0.09706703998659794
398,2019-05-06 14:00:00,7.78,7.86,7.83,7.72,-0.21248528214820617,-0.16084978701491903,-0.10327099026657427
399,2019-05-06 15:00:00,7.71,7.79,7.78,7.66,-0.22819195543970672,-0.17431822069987657,-0.1077474694796603
400,2019-05-07 10:00:00,7.74,7.81,7.78,7.7,-0.2355041130847324,-0.18655539917684774,-0.09789742781576932
401,2019-05-07 11:00:00,7.77,7.86,7.74,7.74,-0.23615604157488512,-0.1964755276564552,-0.07936102783685983
402,2019-05-07 12:00:00,7.77,7.81,7.77,7.76,-0.23397557481845332,-0.20397553708885482,-0.060000075459197
403,2019-05-07 14:00:00,7.73,7.8,7.8,7.7,-0.23279172679197835,-0.20973877502947955,-0.046105903524997605
404,2019-05-07 15:00:00,7.78,7.83,7.72,7.7,-0.2252227093718968,-0.21283556189796302,-0.024774294947867592
405,2019-05-08 10:00:00,7.74,7.74,7.7,7.63,-0.2199168101467972,-0.21425181154772988,-0.011329997198134656
406,2019-05-08 11:00:00,7.81,7.85,7.74,7.73,-0.20766954653571545,-0.212935358545327,0.010531624019223085
407,2019-05-08 12:00:00,7.82,7.84,7.8,7.77,-0.19490978676594306,-0.20933024418945018,0.028840914847014232
408,2019-05-08 14:00:00,7.76,7.83,7.83,7.75,-0.18747795461850458,-0.20495978627526107,0.03496366331351297
409,2019-05-08 15:00:00,7.76,7.8,7.78,7.75,-0.1795187931967952,-0.1998715876595679,0.04070558892554538
410,2019-05-09 10:00:00,7.67,7.75,7.68,7.66,-0.1784166719325304,-0.1955806045141604,0.034327865163259974
411,2019-05-09 11:00:00,7.71,7.73,7.67,7.67,-0.17232906499405942,-0.19093029661014022,0.03720246323216159
412,2019-05-09 12:00:00,7.68,7.72,7.71,7.67,-0.16798887078307612,-0.1863420114447274,0.03670628132330256
413,2019-05-09 14:00:00,7.75,7.76,7.69,7.69,-0.15708998505329497,-0.18049160616644092,0.0468032422262919
414,2019-05-09 15:00:00,7.69,7.75,7.75,7.68,-0.15154709754360063,-0.17470270444187286,0.04631121379654446
415,2019-05-10 10:00:00,7.82,7.85,7.71,7.71,-0.13510697658821424,-0.16678355887114113,0.06335316456585377
416,2019-05-10 11:00:00,7.75,7.85,7.82,7.74,-0.12627090488142212,-0.15868102807319734,0.06482024638355044
417,2019-05-10 12:00:00,7.75,7.76,7.75,7.73,-0.11790907200708212,-0.1505266368599743,0.06523512970578438
418,2019-05-10 14:00:00,7.78,7.8,7.75,7.65,-0.10762092292311554,-0.14194549407260254,0.06864914229897401
419,2019-05-10 15:00:00,7.83,7.84,7.78,7.76,-0.09434535400635546,-0.13242546605935313,0.07616022410599532
420,2019-05-13 10:00:00,7.77,7.8,7.77,7.73,-0.08765543130511677,-0.12347145910850585,0.07163205560677816
421,2019-05-13 11:00:00,7.78,7.8,7.79,7.7,-0.08061739578357496,-0.11490064644351967,0.06856650131988942
422,2019-05-13 12:00:00,7.72,7.78,7.77,7.72,-0.0789708734144634,-0.1077146918377084,0.05748763684649
423,2019-05-13 14:00:00,7.72,7.76,7.72,7.71,-0.07678091003792886,-0.10152793547775249,0.049494050879647256
424,2019-05-13 15:00:00,7.73,7.74,7.72,7.7,-0.07339240984220563,-0.09590083035064312,0.045016841016874976
425,2019-05-14 10:00:00,7.7,7.73,7.65,7.64,-0.07229438365077367,-0.09117954101066923,0.037770314719791115
426,2019-05-14 11:00:00,7.72,7.75,7.7,7.67,-0.06901479750477169,-0.08674659230948972,0.035463589609436075
427,2019-05-14 12:00:00,7.73,7.74,7.72,7.68,-0.06486110696297764,-0.0823694952401873,0.035016776554419315
428,2019-05-14 14:00:00,7.7,7.74,7.73,7.69,-0.06326079549048291,-0.07854775529024642,0.030573919599527016
429,2019-05-14 15:00:00,7.66,7.73,7.7,7.66,-0.06447695265031861,-0.07573359476226085,0.02251328422388449
430,2019-05-15 10:00:00,7.73,7.76,7.7,7.7,-0.05911095666272281,-0.07240906714235325,0.02659622095926087
431,2019-05-15 11:00:00,7.75,7.75,7.74,7.72,-0.05263775802101378,-0.06845480531808536,0.03163409459414315
432,2019-05-15 12:00:00,7.76,7.79,7.75,7.74,-0.046168582355617716,-0.06399756072559183,0.03565795673994823
433,2019-05-15 14:00:00,7.77,7.78,7.77,7.76,-0.03977628139434497,-0.05915330485934246,0.038754046929994984
434,2019-05-15 15:00:00,7.79,7.82,7.77,7.77,-0.03271933583899678,-0.053866511055273326,0.0422943504325531
435,2019-05-16 10:00:00,7.89,7.93,7.79,7.78,-0.018840311989774428,-0.04686127124217355,0.05604191850479824
436,2019-05-16 11:00:00,7.9,7.91,7.88,7.86,-0.006954007697766329,-0.0388798185332921,0.06385162167105154
437,2019-05-16 12:00:00,7.89,7.91,7.9,7.88,0.001640151023297065,-0.030775824621974267,0.06483195129054267
438,2019-05-16 14:00:00,7.91,7.91,7.89,7.88,0.009950216676285706,-0.022630616362322272,0.06516166607721596
439,2019-05-16 15:00:00,7.89,7.91,7.91,7.88,0.014752117496419359,-0.015154069590573947,0.05981237417398661
440,2019-05-17 10:00:00,7.83,7.88,7.88,7.82,0.0135598504182175,-0.009411285588815658,0.04594227201406632
441,2019-05-17 11:00:00,7.76,7.84,7.83,7.73,0.006887164241070387,-0.0061515956228384485,0.02607751972781767
442,2019-05-17 12:00:00,7.73,7.75,7.74,7.68,-0.0008123723847983655,-0.005083750975230432,0.008542757180864132
443,2019-05-17 14:00:00,7.71,7.77,7.73,7.7,-0.008430956665636202,-0.005753192113311586,-0.005355529104649233
444,2019-05-17 15:00:00,7.66,7.73,7.71,7.65,-0.01829245766440568,-0.008261045223530406,-0.02006282488175055
445,2019-05-20 10:00:00,7.62,7.72,7.66,7.56,-0.029001127020542583,-0.012409061582932842,-0.033184130875219486
446,2019-05-20 11:00:00,7.63,7.65,7.62,7.56,-0.03626289216258005,-0.017179827698862282,-0.03816612892743554
447,2019-05-20 12:00:00,7.64,7.68,7.63,7.62,-0.04074133616659825,-0.021892129392409476,-0.03769841354837755
448,2019-05-20 14:00:00,7.63,7.67,7.65,7.62,-0.04458352065787441,-0.026430407645502463,-0.03630622602474389
449,2019-05-20 15:00:00,7.68,7.68,7.63,7.61,-0.043097100864341265,-0.02976374628927022,-0.02666670915014209
450,2019-05-21 10:00:00,7.73,7.75,7.68,7.66,-0.03745278791084061,-0.0313015546135843,-0.012302466594512632
451,2019-05-21 11:00:00,7.77,7.78,7.73,7.7,-0.02941290980868505,-0.030923825652604448,0.0030218316878387955
452,2019-05-21 12:00:00,7.79,7.8,7.77,7.77,-0.021183228562738243,-0.028975706234631204,0.015584955343785921
453,2019-05-21 14:00:00,7.78,7.79,7.78,7.75,-0.015291789084429297,-0.026238922804590826,0.021894267440323058
454,2019-05-21 15:00:00,7.76,7.8,7.78,7.76,-0.012097165116132125,-0.023410571266899084,0.02262681230153392
455,2019-05-22 10:00:00,7.82,7.83,7.76,7.74,-0.00467007038181233,-0.019662471089881735,0.02998480141613881
456,2019-05-22 11:00:00,7.78,7.83,7.82,7.75,-0.001988784531483212,-0.01612773377820203,0.028277898493437634
457,2019-05-22 12:00:00,7.82,7.82,7.78,7.77,0.003325485402894124,-0.012237089941982799,0.031125150689753845
458,2019-05-22 14:00:00,7.79,7.82,7.82,7.75,0.005058027540620458,-0.008778066445462147,0.02767218797216521
459,2019-05-22 15:00:00,7.79,7.8,7.79,7.75,0.006357791009885538,-0.00575089495439261,0.024217371928556296
460,2019-05-23 10:00:00,7.72,7.8,7.78,7.7,0.0017196251694544529,-0.004256790929623198,0.011952832198155301
461,2019-05-23 11:00:00,7.78,7.79,7.72,7.71,0.002852462472030304,-0.0028349402492924974,0.011374805442645602
462,2019-05-23 12:00:00,7.77,7.79,7.78,7.76,0.0029097855726565314,-0.0016859950849026917,0.009191561315118446
463,2019-05-23 14:00:00,7.74,7.78,7.76,7.74,0.0005283744911226407,-0.0012431211696976251,0.0035429913216405316
464,2019-05-23 15:00:00,7.71,7.76,7.74,7.69,-0.003736587176643269,-0.001741814371086754,-0.0039895456111130306
465,2019-05-24 10:00:00,7.73,7.79,7.7,7.7,-0.005440057575302859,-0.002481463011929975,-0.005917189126745768
466,2019-05-24 11:00:00,7.75,7.76,7.72,7.68,-0.005117248826955745,-0.003008620174935129,-0.004217257304041232
467,2019-05-24 12:00:00,7.74,7.77,7.75,7.74,-0.005603740561704207,-0.0035276442522889444,-0.004152192618830525
468,2019-05-24 14:00:00,7.79,7.8,7.74,7.72,-0.001932430774835403,-0.0032086015567982366,0.002552341563925667
469,2019-05-24 15:00:00,7.76,7.79,7.78,7.75,-0.0014271888532171317,-0.002852319016082016,0.002850260325729768
470,2019-05-27 10:00:00,7.8,7.83,7.77,7.74,0.0021758034084875533,-0.001846694531168102,0.00804499587931131
471,2019-05-27 11:00:00,7.81,7.84,7.8,7.8,0.005771585910865795,-0.00032303844276132255,0.012189248707254236
472,2019-05-27 12:00:00,7.85,7.86,7.81,7.78,0.011713904556195587,0.002084350157030059,0.019259108798331055
473,2019-05-27 14:00:00,7.87,7.88,7.86,7.85,0.017831517118134244,0.005233783549250896,0.025195467137766693
474,2019-05-27 15:00:00,7.91,7.92,7.87,7.86,0.025612193431696184,0.009309465525739954,0.03260545581191246
475,2019-05-28 10:00:00,7.89,7.91,7.86,7.86,0.02982084645877059,0.013411741712346081,0.03281820949284901
476,2019-05-28 11:00:00,7.92,7.93,7.89,7.88,0.03517154787361587,0.01776370294460004,0.03481568985803166
477,2019-05-28 12:00:00,7.9,7.92,7.92,7.89,0.037367435900931056,0.021684449535866242,0.03136597273012963
478,2019-05-28 14:00:00,7.9,7.91,7.9,7.9,0.038662021268190294,0.025079963882331052,0.027164114771718484
479,2019-05-28 15:00:00,7.86,7.91,7.9,7.85,0.03604482152723154,0.02727293541131115,0.017543772231840782
480,2019-05-29 10:00:00,7.83,7.87,7.85,7.82,0.0311903793196171,0.02805642419297234,0.006267910253289523
481,2019-05-29 11:00:00,7.87,7.88,7.85,7.83,0.030222478680378195,0.028489635090453512,0.0034656871798493666
482,2019-05-29 12:00:00,7.83,7.88,7.87,7.82,0.02592885306638415,0.02797747868563964,-0.004097251238510978
483,2019-05-29 14:00:00,7.84,7.88,7.84,7.83,0.023067136667201282,0.02699541028195197,-0.007856547229501375
484,2019-05-29 15:00:00,7.83,7.87,7.84,7.83,0.019764457019211257,0.02554921962940383,-0.011569525220385145
485,2019-05-30 10:00:00,7.77,7.84,7.84,7.76,0.012165326730681159,0.022872441049659294,-0.02141422863795627
486,2019-05-30 11:00:00,7.7,7.78,7.77,7.7,0.0004889103880350021,0.018395734917334434,-0.035813649058598865
487,2019-05-30 12:00:00,7.72,7.75,7.7,7.7,-0.007069409087121059,0.013302706116443335,-0.04074423040712879
488,2019-05-30 14:00:00,7.7,7.73,7.72,7.7,-0.014506047888600548,0.0077409553154345586,-0.04449400640807021
489,2019-05-30 15:00:00,7.75,7.77,7.7,7.7,-0.016178559224362843,0.0029570524074750784,-0.038271223263675845
490,2019-05-31 10:00:00,7.8,7.81,7.74,7.73,-0.013315956319626565,-0.0002975493379452503,-0.026036813963362628
491,2019-05-31 11:00:00,7.78,7.81,7.79,7.76,-0.012516869071530934,-0.002741413284662387,-0.019550911573737093
492,2019-05-31 12:00:00,7.76,7.78,7.76,7.75,-0.013343602776624941,-0.004861851183054898,-0.016963503187140086
493,2019-05-31 14:00:00,7.74,7.79,7.76,7.74,-0.01543470636008415,-0.006976422218460748,-0.0169165682832468
494,2019-05-31 15:00:00,7.77,7.79,7.74,7.74,-0.014503978895729297,-0.008481933553914458,-0.012044090683629678
495,2019-06-03 10:00:00,7.73,7.8,7.77,7.71,-0.01680037214848973,-0.010145621272829513,-0.01330950175132043
496,2019-06-03 11:00:00,7.75,7.79,7.73,7.72,-0.01681264182346176,-0.011479025382955962,-0.010667232881011596
497,2019-06-03 12:00:00,7.7,7.77,7.75,7.7,-0.020619261747460094,-0.013307072655856789,-0.01462437818320661
498,2019-06-03 14:00:00,7.75,7.77,7.7,7.69,-0.019378074944354395,-0.01452127311355631,-0.009713603661596171
499,2019-06-03 15:00:00,7.77,7.79,7.75,7.69,-0.016589360783012097,-0.014934890647447468,-0.0033089402711292577
500,2019-06-04 10:00:00,7.78,7.79,7.78,7.72,-0.013417697428307562,-0.014631452003619488,0.0024275091506238515
501,2019-06-04 11:00:00,7.74,7.78,7.78,7.71,-0.013970750954640287,-0.01449931179382365,0.001057121678366725
502,2019-06-04 12:00:00,7.75,7.76,7.73,7.72,-0.013447123364677793,-0.014288874107994478,0.0016835014866333695
503,2019-06-04 14:00:00,7.75,7.77,7.75,7.73,-0.012883630257274348,-0.014007825337850452,0.002248390161152209
504,2019-06-04 15:00:00,7.65,7.74,7.74,7.64,-0.020272533033442564,-0.015260766876968873,-0.010023532312947381
505,2019-06-05 10:00:00,7.74,7.78,7.73,7.73,-0.018651046228065127,-0.015938822747188126,-0.005424446961754002
506,2019-06-05 11:00:00,7.74,7.76,7.74,7.72,-0.01716810304746197,-0.016184678807242895,-0.001966848480438148
507,2019-06-05 12:00:00,7.76,7.77,7.74,7.73,-0.014215163483772386,-0.015790775742548793,0.003151224517552814
508,2019-06-05 14:00:00,7.76,7.77,7.76,7.75,-0.01173961068049767,-0.014980542730138569,0.0064818640992817984
509,2019-06-05 15:00:00,7.71,7.76,7.76,7.7,-0.013654894259918393,-0.014715413036094532,0.0021210375523522777
510,2019-06-06 10:00:00,7.66,7.73,7.71,7.65,-0.018988465220889594,-0.015570023473053547,-0.006836883495672096
511,2019-06-06 11:00:00,7.68,7.7,7.66,7.65,-0.0213553545467704,-0.016727089687796917,-0.009256529717946965
512,2019-06-06 12:00:00,7.7,7.71,7.68,7.66,-0.021370947556541786,-0.01765586126154589,-0.00743017258999179
513,2019-06-06 14:00:00,7.67,7.7,7.7,7.65,-0.023532783133353163,-0.018831245635907344,-0.009403074994891639
514,2019-06-06 15:00:00,7.65,7.68,7.66,7.63,-0.026553790686316248,-0.020375754645989126,-0.012356072080654243
515,2019-06-10 10:00:00,7.68,7.69,7.68,7.61,-0.026224907251330087,-0.02154558516705732,-0.009358644168545538
516,2019-06-10 11:00:00,7.74,7.74,7.68,7.66,-0.020882050916210204,-0.021412878316887894,0.00106165480135538
517,2019-06-10 12:00:00,7.77,7.78,7.74,7.74,-0.014064917879677452,-0.019943286229445807,0.01175673669953671
518,2019-06-10 14:00:00,7.75,7.78,7.77,7.73,-0.010159016863823034,-0.017986432356321254,0.01565483098499644
519,2019-06-10 15:00:00,7.76,7.78,7.76,7.73,-0.006185344935575543,-0.01562621487217211,0.018881739873193137
520,2019-06-11 10:00:00,7.78,7.8,7.73,7.72,-0.0014061393515003573,-0.012782199768037761,0.022752120833074808
521,2019-06-11 11:00:00,7.88,7.89,7.78,7.78,0.010331484845158556,-0.008159462845398497,0.036981895381114106
522,2019-06-11 12:00:00,7.89,7.9,7.88,7.86,0.020207612237467032,-0.002486047828825391,0.04538732013258485
523,2019-06-11 14:00:00,7.93,7.93,7.88,7.88,0.03090591589540015,0.004192344916019717,0.05342714195876086
524,2019-06-11 15:00:00,7.95,7.97,7.93,7.92,0.040531015161356265,0.011460078965087026,0.05814187239253848
525,2019-06-12 10:00:00,7.93,7.98,7.98,7.9,0.04601471384367173,0.018371005940803965,0.055287415805735526
526,2019-06-12 11:00:00,7.94,7.95,7.93,7.92,0.05058439555951644,0.02481368386454646,0.05154142338993996
527,2019-06-12 12:00:00,7.95,7.95,7.95,7.93,0.05438589097153734,0.030728125285944635,0.04731553137118542
528,2019-06-12 14:00:00,7.99,8.0,7.94,7.93,0.05993537152544004,0.03656957453384372,0.04673159398319264
529,2019-06-12 15:00:00,7.96,8.0,7.99,7.96,0.06120706858020242,0.04149707334311546,0.03941999047417391
530,2019-06-13 10:00:00,7.69,7.69,7.69,7.63,0.03996743443700712,0.041191145561893794,-0.0024474222497733455
531,2019-06-13 11:00:00,7.69,7.7,7.69,7.67,0.022871226097613828,0.0375271616690378,-0.029311871142847945
532,2019-06-13 12:00:00,7.72,7.72,7.69,7.69,0.01160928251435589,0.032343585838101416,-0.04146860664749105
533,2019-06-13 14:00:00,7.72,7.73,7.72,7.7,0.002653522926170382,0.026405573255715208,-0.04750410065908965
534,2019-06-13 15:00:00,7.73,7.76,7.72,7.7,-0.003595616613589314,0.020405335281854304,-0.048001903790887236
535,2019-06-14 10:00:00,7.7,7.74,7.69,7.69,-0.010843852815809463,0.014155497662321551,-0.04999870095626203
536,2019-06-14 11:00:00,7.74,7.78,7.7,7.7,-0.01320821049201193,0.008682756031454856,-0.04378193304693357
537,2019-06-14 12:00:00,7.79,7.8,7.74,7.73,-0.010921502568902675,0.00476190431138335,-0.03136681376057205
538,2019-06-14 14:00:00,7.86,7.88,7.8,7.78,-0.0034214151354801103,0.003125240422010658,-0.013093311114981536
539,2019-06-14 15:00:00,7.69,7.87,7.86,7.66,-0.011067541332822728,0.00028668407104398064,-0.022708450807733416
540,2019-06-17 10:00:00,7.75,7.78,7.72,7.68,-0.012145645432360297,-0.002199781829636875,-0.019891727205446845
541,2019-06-17 11:00:00,7.79,7.81,7.75,7.71,-0.009661018781773834,-0.003692029220064266,-0.011937979123419134
542,2019-06-17 12:00:00,7.77,7.8,7.79,7.74,-0.009199718485366049,-0.004793567073124623,-0.008812302824482851
543,2019-06-17 14:00:00,7.81,7.82,7.78,7.75,-0.005542577586638231,-0.004943369175827344,-0.0011984168216217731
544,2019-06-17 15:00:00,7.77,7.82,7.81,7.74,-0.005805016169269095,-0.005115698574515695,-0.0013786351895068005
545,2019-06-18 10:00:00,7.79,7.82,7.77,7.75,-0.0043490348175501126,-0.004962365823122579,0.001226662011144932
546,2019-06-18 11:00:00,7.8,7.81,7.79,7.74,-0.0023610262392210757,-0.004442097906342278,0.004162143334242405
547,2019-06-18 12:00:00,7.81,7.82,7.8,7.77,2.1157418891526447e-05,-0.003549446841295517,0.007141208520374087
548,2019-06-18 14:00:00,7.8,7.83,7.81,7.77,0.0010895787189051376,-0.002621641729255386,0.0074224408963210475
549,2019-06-18 15:00:00,7.82,7.83,7.8,7.78,0.0035096856779608387,-0.0013953762478121413,0.00981012385154596
550,2019-06-19 10:00:00,7.9,7.94,7.87,7.86,0.011747550837585052,0.0012332091692672975,0.02102868333663551
551,2019-06-19 11:00:00,7.86,7.93,7.9,7.85,0.014876960283586982,0.003961959392131234,0.021830001782911494
552,2019-06-19 12:00:00,7.91,7.94,7.86,7.84,0.021147842780784742,0.007399136069861936,0.027497413421845612
553,2019-06-19 14:00:00,7.87,7.93,7.92,7.85,0.022629043110145908,0.010445117477918731,0.024367851264454354
554,2019-06-19 15:00:00,7.85,7.9,7.87,7.83,0.02193620527007223,0.012743335036349428,0.0183857404674456
555,2019-06-20 10:00:00,7.86,7.88,7.88,7.79,0.021941119152976363,0.014582891859674815,0.014716454586603096
556,2019-06-20 11:00:00,7.92,7.93,7.86,7.84,0.026481252603651306,0.016962564008470113,0.019037377190362387
557,2019-06-20 12:00:00,7.95,7.95,7.92,7.9,0.03212971895271366,0.01999599499731882,0.024267447910789677
558,2019-06-20 14:00:00,7.92,7.96,7.95,7.9,0.03379584251448353,0.022755964500751763,0.022079756027463537
559,2019-06-20 15:00:00,7.91,7.94,7.92,7.89,0.033918351373256606,0.02498844187525273,0.017859818996007748
560,2019-06-21 10:00:00,8.03,8.06,7.9,7.9,0.04320044975122972,0.02863084345044813,0.02913921260156318
561,2019-06-21 11:00:00,8.03,8.05,8.03,8.01,0.04998043623253423,0.03290076200686535,0.034159348451337765
562,2019-06-21 12:00:00,8.03,8.04,8.03,8.02,0.054722813832046135,0.03726517237190151,0.03491528292028925
563,2019-06-21 14:00:00,8.06,8.07,8.02,8.02,0.060207892420471865,0.04185371638161558,0.03670835207771257
564,2019-06-21 15:00:00,8.04,8.06,8.06,8.01,0.06222374724137136,0.04592772255356674,0.03259204937560925
565,2019-06-24 10:00:00,8.01,8.06,8.05,8.0,0.06070085575071982,0.04888234919299735,0.02363701311544493
566,2019-06-24 11:00:00,8.0,8.03,8.01,7.97,0.05801823870532985,0.050709527095463856,0.014617423219731987
567,2019-06-24 12:00:00,7.97,8.04,8.04,7.96,0.05286213431130271,0.05114004853863163,0.003444171545342156
568,2019-06-24 14:00:00,8.0,8.03,7.97,7.96,0.05061319628964256,0.051034678088833815,-0.0008429635983825123
569,2019-06-24 15:00:00,8.0,8.03,8.0,7.97,0.04827441924942821,0.0504826263209527,-0.004416414143048969
570,2019-06-25 10:00:00,7.93,8.05,8.0,7.93,0.0403078626595228,0.048447673588666716,-0.016279621858287838
571,2019-06-25 11:00:00,7.91,7.98,7.93,7.9,0.03201146803598576,0.04516043247813052,-0.02629792888428953
572,2019-06-25 12:00:00,7.88,7.93,7.91,7.87,0.022753478310582054,0.04067904164462083,-0.03585112666807755
573,2019-06-25 14:00:00,7.91,7.93,7.88,7.87,0.017633931052094987,0.03607001952611566,-0.036872176948041346
574,2019-06-25 15:00:00,7.94,7.94,7.91,7.9,0.01581509566664785,0.032019034754222096,-0.032407878175148494
575,2019-06-26 10:00:00,7.91,7.94,7.89,7.89,0.011816690784413275,0.027978565960260333,-0.03232375035169412
576,2019-06-26 11:00:00,7.95,7.97,7.9,7.9,0.011740257434690982,0.024730904255146464,-0.025981293640910966
577,2019-06-26 12:00:00,7.93,7.95,7.95,7.91,0.009951140053174434,0.02177495141475206,-0.02364762272315525
578,2019-06-26 14:00:00,7.91,7.94,7.93,7.91,0.006840565010071131,0.018788074133815873,-0.023895018247489484
579,2019-06-26 15:00:00,7.9,7.94,7.91,7.89,0.0035278288365834243,0.015736025074369383,-0.024416392475571917
580,2019-06-27 10:00:00,7.99,8.0,7.98,7.89,0.008071664269474255,0.014203152913390357,-0.012262977287832204
581,2019-06-27 11:00:00,7.93,8.0,7.99,7.92,0.0067533397309196275,0.01271319027689621,-0.011919701091953165
582,2019-06-27 12:00:00,7.94,7.96,7.93,7.93,0.006441224041386029,0.011458797029794174,-0.01003514597681629
583,2019-06-27 14:00:00,7.92,7.96,7.94,7.91,0.004527843098972362,0.010072606243629812,-0.0110895262893149
584,2019-06-27 15:00:00,7.92,7.93,7.92,7.89,0.0029771561144711356,0.008653516217798076,-0.011352720206653882
585,2019-06-28 10:00:00,7.9,7.95,7.95,7.88,0.00013286111391330735,0.006949385197021122,-0.01363304816621563
586,2019-06-28 11:00:00,7.9,7.94,7.9,7.87,-0.0020970892268525887,0.00514009031224638,-0.014474359078197937
587,2019-06-28 12:00:00,7.88,7.93,7.9,7.87,-0.005415744459909888,0.0030289233578151263,-0.016889335635450028
588,2019-06-28 14:00:00,7.81,7.91,7.88,7.81,-0.013538158167178516,-0.0002844929471836021,-0.02650733043998983
589,2019-06-28 15:00:00,7.78,7.82,7.81,7.77,-0.02214075399860338,-0.004655745157467557,-0.03497001768227165
590,2019-07-01 10:00:00,7.9,7.93,7.86,7.86,-0.019055713650021566,-0.0075357388559783595,-0.023039949588086413
591,2019-07-01 11:00:00,7.93,7.93,7.9,7.88,-0.014028337722785444,-0.008834258629339776,-0.010388158186891337
592,2019-07-01 12:00:00,7.91,7.95,7.93,7.91,-0.011525084928251772,-0.009372423889122175,-0.004305322078259195
593,2019-07-01 14:00:00,7.92,7.93,7.92,7.9,-0.008634786186912713,-0.009224896348680282,0.0011802203235351388
594,2019-07-01 15:00:00,7.91,7.93,7.91,7.88,-0.0070696257919955485,-0.008793842237343336,0.003448432890695574
595,2019-07-02 10:00:00,7.81,7.92,7.92,7.79,-0.013740002966438958,-0.00978307438316246,-0.007913857166552997
596,2019-07-02 11:00:00,7.81,7.85,7.81,7.81,-0.01880950071887888,-0.011588359650305743,-0.014442282137146274
597,2019-07-02 12:00:00,7.83,7.85,7.81,7.81,-0.02097153456231382,-0.013464994632707358,-0.015013079859212925
598,2019-07-02 14:00:00,7.8,7.84,7.83,7.79,-0.024819606267998395,-0.015735916959765568,-0.018167378616465654
599,2019-07-02 15:00:00,7.82,7.84,7.8,7.79,-0.0259561911511641,-0.017779971798045274,-0.01635243870623765
600,2019-07-03 10:00:00,7.78,7.81,7.77,7.77,-0.029741764023715866,-0.020172330243179392,-0.01913886756107295
601,2019-07-03 11:00:00,7.78,7.8,7.79,7.76,-0.03236873121419137,-0.022611610437381788,-0.019514241553619166
602,2019-07-03 12:00:00,7.79,7.8,7.78,7.77,-0.03326030116440215,-0.02474134858278586,-0.01703790516323258
603,2019-07-03 14:00:00,7.82,7.83,7.79,7.79,-0.031186627465400463,-0.026030404359308777,-0.010312446212183371
604,2019-07-03 15:00:00,7.81,7.82,7.81,7.78,-0.03000427197512412,-0.026825177882471844,-0.00635818818530455
605,2019-07-04 10:00:00,7.82,7.85,7.84,7.79,-0.027938275257954892,-0.027047797357568452,-0.0017809558007728793
606,2019-07-04 11:00:00,7.78,7.82,7.81,7.75,-0.029192115148970466,-0.027476660915848855,-0.003430908466243221
607,2019-07-04 12:00:00,7.74,7.78,7.78,7.74,-0.03303267785390762,-0.02858786430346061,-0.008889627100894026
608,2019-07-04 14:00:00,7.76,7.77,7.74,7.74,-0.03406978335944366,-0.029684248114657218,-0.008771070489572888
609,2019-07-04 15:00:00,7.73,7.76,7.76,7.71,-0.03688723316167941,-0.031124845124061655,-0.011524776075235513
610,2019-07-05 10:00:00,7.73,7.75,7.73,7.73,-0.03867426952341013,-0.03263473000393135,-0.012079079038957566
611,2019-07-05 11:00:00,7.71,7.74,7.73,7.7,-0.041229078416237464,-0.03435359968639257,-0.01375095745968978
612,2019-07-05 12:00:00,7.73,7.73,7.7,7.7,-0.04116542067225648,-0.035715963883565356,-0.01089891357738225
613,2019-07-05 14:00:00,7.75,7.75,7.73,7.71,-0.03905098317287248,-0.03638296774142678,-0.005336030862891389
614,2019-07-05 15:00:00,7.73,7.76,7.75,7.73,-0.03854478874261069,-0.036815331941663566,-0.0034589136018942507
615,2019-07-08 10:00:00,7.68,7.76,7.71,7.68,-0.04169754480160748,-0.03779177451365235,-0.007811540575910256
616,2019-07-08 11:00:00,7.59,7.73,7.68,7.59,-0.05087195430877944,-0.04040781047267777,-0.020928287672203352
617,2019-07-08 12:00:00,7.6,7.61,7.6,7.59,-0.05668242381657773,-0.04366273314145776,-0.02603938135023995
618,2019-07-08 14:00:00,7.5,7.59,7.59,7.44,-0.06856604039600178,-0.048643394592366565,-0.03984529160727043
619,2019-07-08 15:00:00,7.51,7.55,7.5,7.49,-0.07629746603063925,-0.0541742088800211,-0.0442465143012363
620,2019-07-09 10:00:00,7.53,7.55,7.54,7.51,-0.07988992239930859,-0.059317351583878596,-0.041145141630859985
621,2019-07-09 11:00:00,7.52,7.54,7.53,7.51,-0.08259181929898585,-0.06397224512690006,-0.03723914834417158
622,2019-07-09 12:00:00,7.54,7.54,7.52,7.49,-0.0821720311799421,-0.06761220233750846,-0.029119657684867267
623,2019-07-09 14:00:00,7.53,7.54,7.53,7.51,-0.0817044247484402,-0.07043064681969481,-0.02254755585749077
624,2019-07-09 15:00:00,7.51,7.54,7.53,7.51,-0.08200240347306575,-0.072744998150369,-0.01851481064539351
625,2019-07-10 10:00:00,7.52,7.55,7.52,7.51,-0.08050364146560085,-0.07429672681341537,-0.01241382930437096
626,2019-07-10 11:00:00,7.5,7.53,7.52,7.49,-0.08000741890743779,-0.07543886523221985,-0.00913710735043588
627,2019-07-10 12:00:00,7.5,7.52,7.5,7.5,-0.07870687509226659,-0.0760924672042292,-0.0052288157760747855
628,2019-07-10 14:00:00,7.45,7.51,7.5,7.44,-0.0807795900508399,-0.07702989177355134,-0.007499396554577126
629,2019-07-10 15:00:00,7.42,7.45,7.44,7.41,-0.08387610929130762,-0.0783991352771026,-0.010953948028410043
630,2019-07-11 10:00:00,7.53,7.54,7.43,7.43,-0.07657137525701518,-0.07803358327308511,0.0029244160321398593
631,2019-07-11 11:00:00,7.47,7.53,7.53,7.45,-0.07476200955770373,-0.07737926853000884,0.0052345179446102175
632,2019-07-11 12:00:00,7.49,7.5,7.48,7.46,-0.07089698504049124,-0.07608281183210533,0.010371653583228169
633,2019-07-11 14:00:00,7.46,7.5,7.49,7.46,-0.06945405147241157,-0.07475705976016658,0.010606016575510024
634,2019-07-11 15:00:00,7.46,7.47,7.46,7.42,-0.06753204880257879,-0.07331205756864903,0.011560017532140476
635,2019-07-12 10:00:00,7.48,7.5,7.43,7.42,-0.06366116866179894,-0.07138187978727902,0.015441422250960152
636,2019-07-12 11:00:00,7.44,7.49,7.49,7.44,-0.0630938275980899,-0.06972426934944119,0.013260883502702575
637,2019-07-12 12:00:00,7.47,7.48,7.45,7.45,-0.05953714924221387,-0.06768684532799572,0.016299392171563704
638,2019-07-12 14:00:00,7.46,7.47,7.46,7.43,-0.05686981264724267,-0.0655234387918451,0.017307252289204877
639,2019-07-12 15:00:00,7.46,7.48,7.46,7.45,-0.05413192998568661,-0.06324513703061341,0.018226414089853593
