,date,close,high,open,low,diff,macd_bar,ma5,ma10,ma20
0,2019-01-02 10:00:00,7.01,7.07,7.05,7.0,0.0,0.0,7.01,7.01,7.01
1,2019-01-02 11:00:00,7.04,7.05,7.01,7.0,0.002393162393161674,0.0038290598290586786,7.025,7.025,7.025
2,2019-01-02 12:00:00,7.01,7.04,7.04,6.99,0.0018477122750608643,0.002190527674285647,7.0200000000000005,7.0200000000000005,7.0200000000000005
3,2019-01-02 14:00:00,6.98,7.02,7.01,6.96,-0.0009938536268698783,-0.0027940833036606706,7.010000000000001,7.010000000000001,7.010000000000001
4,2019-01-02 15:00:00,6.93,7.01,6.98,6.91,-0.0071974297195298576,-0.012160988391184503,6.99,6.994,6.994
5,2019-01-03 10:00:00,7.01,7.03,6.91,6.91,-0.005593992986207219,-0.007163291939631381,6.9825,6.996666666666666,6.996666666666666
6,2019-01-03 11:00:00,6.97,7.07,7.01,6.97,-0.007464873118375515,-0.008724041763174378,6.9725,6.992857142857142,6.992857142857142
7,2019-01-03 12:00:00,6.97,6.99,6.97,6.95,-0.008845592616587794,-0.00918838460767915,6.97,6.99,6.99
8,2019-01-03 14:00:00,7.03,7.04,6.98,6.96,-0.005040223646622266,-0.0012621173341984745,6.995,6.9944444444444445,6.9944444444444445
9,2019-01-03 15:00:00,6.96,7.03,7.02,6.95,-0.007585416349393803,-0.00508200219179324,6.9825,6.988888888888889,6.991
10,2019-01-04 10:00:00,6.95,6.98,6.9,6.88,-0.010290790502854641,-0.008394200398971933,6.9775,6.978888888888889,6.987272727272727
11,2019-01-04 11:00:00,7.01,7.02,6.95,6.93,-0.007506786885163486,-0.002260954530871698,6.987500000000001,6.978888888888888,6.989166666666667
12,2019-01-04 12:00:00,7.07,7.08,7.02,7.0,-0.00045371525437953864,0.009476150984556956,6.9975000000000005,6.988888888888889,6.995384615384615
13,2019-01-04 14:00:00,7.05,7.09,7.08,7.04,0.0034819245162287515,0.01387794442061883,7.0200000000000005,7.002222222222222,6.999285714285714
14,2019-01-04 15:00:00,7.07,7.08,7.04,7.03,0.008121164512959744,0.018525139531264653,7.05,7.008888888888889,7.0040000000000004
15,2019-01-07 10:00:00,7.2,7.21,7.12,7.08,0.022033718191162066,0.037080197510135436,7.0975,7.0344444444444445,7.016249999999999
16,2019-01-07 11:00:00,7.2,7.23,7.2,7.16,0.03268277058073732,0.046702641831428755,7.13,7.0600000000000005,7.027058823529411
17,2019-01-07 12:00:00,7.2,7.21,7.2,7.17,0.04065359201894392,0.05011542776627356,7.1674999999999995,7.07888888888889,7.036666666666666
18,2019-01-07 14:00:00,7.17,7.2,7.2,7.14,0.0440420863990898,0.04551393322125226,7.192500000000001,7.102222222222222,7.043684210526315
19,2019-01-07 15:00:00,7.18,7.19,7.17,7.13,0.04699270636758879,0.04113213852660019,7.1875,7.127777777777778,7.052631578947368
20,2019-01-08 10:00:00,7.2,7.2,7.15,7.13,0.05036435783729587,0.03830035317281148,7.1875,7.148888888888889,7.0610526315789475
21,2019-01-08 11:00:00,7.15,7.21,7.2,7.15,0.04844340832966054,0.027566763326032667,7.175000000000001,7.157777777777778,7.06842105263158
22,2019-01-08 12:00:00,7.16,7.16,7.15,7.14,0.04718405007348547,0.020038437450946023,7.1725,7.17,7.077894736842106
23,2019-01-08 14:00:00,7.14,7.17,7.16,7.12,0.044064221809261284,0.011039024737998115,7.1625000000000005,7.177777777777777,7.088947368421053
24,2019-01-08 15:00:00,7.13,7.16,7.14,7.12,0.0403200347440249,0.0028405204860202787,7.145,7.17,7.095263157894737
25,2019-01-09 10:00:00,7.2,7.21,7.17,7.14,0.04251111285822251,0.005778141371532403,7.1575,7.17,7.107368421052631
26,2019-01-09 11:00:00,7.24,7.27,7.2,7.19,0.04693419556469447,0.011699445427581057,7.1775,7.174444444444445,7.1215789473684215
27,2019-01-09 12:00:00,7.23,7.25,7.24,7.21,0.049066990328285875,0.012772027963811092,7.2,7.181111111111111,7.132105263157894
28,2019-01-09 14:00:00,7.19,7.23,7.22,7.18,0.046987932204851646,0.0068911293735541,7.215000000000001,7.182222222222222,7.1442105263157885
29,2019-01-09 15:00:00,7.14,7.2,7.19,7.14,0.04083496151321686,-0.004331849607772373,7.2,7.1755555555555555,7.15421052631579
30,2019-01-10 10:00:00,7.12,7.17,7.17,7.08,0.03395346069768301,-0.014475880991072054,7.170000000000001,7.172222222222223,7.159999999999999
31,2019-01-10 11:00:00,7.1,7.14,7.12,7.08,0.026579595834257397,-0.023378888574338633,7.137499999999999,7.165555555555555,7.161578947368421
32,2019-01-10 12:00:00,7.14,7.15,7.1,7.08,0.023690333096994642,-0.02332593123909131,7.125,7.165555555555555,7.166315789473684
33,2019-01-10 14:00:00,7.12,7.15,7.14,7.08,0.019561248808859233,-0.0252672798522897,7.12,7.164444444444445,7.168947368421053
34,2019-01-10 15:00:00,7.07,7.12,7.12,7.06,0.012114687058224938,-0.032128322682846634,7.1075,7.1499999999999995,7.162105263157894
35,2019-01-11 10:00:00,7.12,7.14,7.09,7.08,0.01013103113327496,-0.02887650762619727,7.1125,7.136666666666667,7.157894736842105
36,2019-01-11 11:00:00,7.1,7.14,7.12,7.08,0.006865989811639217,-0.028325272215575,7.102500000000001,7.122222222222222,7.152631578947369
37,2019-01-11 12:00:00,7.09,7.11,7.09,7.07,0.0034319433082314887,-0.028154692177912367,7.095,7.111111111111111,7.14842105263158
38,2019-01-11 14:00:00,7.12,7.14,7.09,7.07,0.0030955029615915564,-0.023062058296953784,7.1075,7.108888888888888,7.145263157894736
39,2019-01-11 15:00:00,7.12,7.14,7.12,7.08,0.0027966337103872974,-0.018927837439489843,7.1075,7.108888888888888,7.1410526315789475
40,2019-01-14 10:00:00,7.14,7.17,7.13,7.11,0.004126048015452355,-0.013015207063487782,7.117500000000001,7.113333333333333,7.140526315789473
41,2019-01-14 11:00:00,7.23,7.24,7.15,7.14,0.012300078618960875,0.0026662833148234054,7.1525,7.123333333333333,7.1442105263157885
42,2019-01-14 12:00:00,7.19,7.23,7.22,7.18,0.015373178623201866,0.00704998665864431,7.170000000000001,7.131111111111112,7.146842105263158
43,2019-01-14 14:00:00,7.17,7.21,7.2,7.15,0.01601024354249958,0.0066592931977917935,7.182500000000001,7.142222222222222,7.148947368421053
44,2019-01-14 15:00:00,7.18,7.18,7.18,7.15,0.017124636359127976,0.007110463064838868,7.192500000000001,7.148888888888889,7.1478947368421055
45,2019-01-15 10:00:00,7.16,7.21,7.18,7.14,0.01620714199769413,0.004220379473576941,7.175,7.155555555555556,7.143684210526315
46,2019-01-15 11:00:00,7.17,7.19,7.16,7.14,0.016101331406852992,0.0032070066335157313,7.17,7.164444444444445,7.140526315789473
47,2019-01-15 12:00:00,7.23,7.24,7.17,7.17,0.020621265201415717,0.009797499378112945,7.185,7.176666666666667,7.142631578947367
48,2019-01-15 14:00:00,7.22,7.24,7.23,7.2,0.023129802901411978,0.011851659822484373,7.195,7.187777777777778,7.146842105263158
49,2019-01-15 15:00:00,7.24,7.24,7.22,7.2,0.02642703553928527,0.014756900078584767,7.215,7.19888888888889,7.153157894736843
50,2019-01-16 10:00:00,7.22,7.26,7.24,7.21,0.027113733069934476,0.012904236111906539,7.227499999999999,7.197777777777778,7.159473684210527
51,2019-01-16 11:00:00,7.18,7.23,7.22,7.17,0.024151872353835202,0.005584411743766393,7.215,7.196666666666668,7.161578947368422
52,2019-01-16 12:00:00,7.19,7.2,7.18,7.17,0.02235381199388442,0.0015906328190918653,7.2075000000000005,7.19888888888889,7.165263157894736
53,2019-01-16 14:00:00,7.18,7.2,7.2,7.16,0.019892610150686885,-0.0026654166938425636,7.1925,7.198888888888888,7.171052631578948
54,2019-01-16 15:00:00,7.18,7.2,7.18,7.17,0.017737621696322314,-0.005580314882057361,7.1825,7.2011111111111115,7.17421052631579
55,2019-01-17 10:00:00,7.15,7.2,7.17,7.14,0.013453939896504785,-0.011318142785353938,7.175000000000001,7.19888888888889,7.176842105263159
56,2019-01-17 11:00:00,7.14,7.16,7.15,7.09,0.009146736892129859,-0.015946039035283036,7.1625,7.188888888888889,7.179473684210526
57,2019-01-17 12:00:00,7.17,7.18,7.14,7.11,0.008061073718991452,-0.01449389230524788,7.16,7.183333333333334,7.182105263157894
58,2019-01-17 14:00:00,7.14,7.18,7.17,7.1,0.004725456432699282,-0.016932101502265772,7.15,7.172222222222222,7.1831578947368415
59,2019-01-17 15:00:00,7.1,7.15,7.14,7.09,-0.0011326534802948984,-0.022918657062603306,7.137499999999999,7.158888888888888,7.181052631578948
60,2019-01-18 10:00:00,7.15,7.16,7.08,7.08,-0.0017208290134940185,-0.019276006503201236,7.139999999999999,7.155555555555556,7.176842105263159
61,2019-01-18 11:00:00,7.12,7.19,7.15,7.11,-0.004555202106303113,-0.01995580215105554,7.1275,7.147777777777778,7.173157894736842
62,2019-01-18 12:00:00,7.12,7.14,7.12,7.1,-0.006723953650739745,-0.019434644191943042,7.1225000000000005,7.141111111111111,7.170526315789474
63,2019-01-18 14:00:00,7.15,7.16,7.12,7.11,-0.005953329320588452,-0.014314716425312367,7.135,7.137777777777779,7.168947368421053
64,2019-01-18 15:00:00,7.18,7.2,7.15,7.13,-0.002888557217814558,-0.006548137775811662,7.1425,7.141111111111111,7.170000000000001
65,2019-01-21 10:00:00,7.22,7.24,7.2,7.19,0.0027364187284364405,0.0037614512933522677,7.1674999999999995,7.1499999999999995,7.172631578947368
66,2019-01-21 11:00:00,7.28,7.3,7.22,7.22,0.011898591692269811,0.017668637776815207,7.2075000000000005,7.162222222222222,7.1752631578947375
67,2019-01-21 12:00:00,7.28,7.31,7.28,7.26,0.01894133584692881,0.02540330086890656,7.24,7.177777777777777,7.178421052631578
68,2019-01-21 14:00:00,7.23,7.28,7.28,7.22,0.020254695673546763,0.022424016417713976,7.2525,7.192222222222223,7.177894736842105
69,2019-01-21 15:00:00,7.26,7.26,7.23,7.22,0.02344602094313597,0.02304533356551391,7.262499999999999,7.204444444444444,7.18
70,2019-01-22 10:00:00,7.19,7.24,7.24,7.19,0.020095110303149255,0.013074809828432388,7.240000000000001,7.212222222222222,7.180526315789474
71,2019-01-22 11:00:00,7.17,7.22,7.2,7.17,0.015645307262667885,0.0033401629979757166,7.2125,7.217777777777777,7.179473684210526
72,2019-01-22 12:00:00,7.17,7.2,7.17,7.16,0.011980700239354825,-0.0031912408389203235,7.1975,7.220000000000001,7.178947368421052
73,2019-01-22 14:00:00,7.16,7.19,7.17,7.15,0.008175316386452636,-0.008641606835779761,7.1725,7.217777777777777,7.177894736842105
74,2019-01-22 15:00:00,7.12,7.17,7.17,7.11,0.0019098411012841154,-0.016938045924893442,7.155,7.206666666666667,7.176315789473685
75,2019-01-23 10:00:00,7.11,7.14,7.11,7.1,-0.0038184924252853136,-0.02271577038242584,7.14,7.187777777777778,7.174736842105264
76,2019-01-23 11:00:00,7.1,7.12,7.11,7.07,-0.009060708237552006,-0.02656016160556738,7.1225000000000005,7.167777777777778,7.171052631578948
77,2019-01-23 12:00:00,7.1,7.12,7.1,7.08,-0.01306460144388577,-0.027654358414587927,7.1075,7.153333333333332,7.168947368421053
78,2019-01-23 14:00:00,7.11,7.15,7.1,7.1,-0.015254949666011264,-0.02562804388707113,7.105,7.136666666666667,7.169473684210526
79,2019-01-23 15:00:00,7.13,7.13,7.11,7.1,-0.015201747279744993,-0.020417311291630873,7.109999999999999,7.13,7.168421052631579
80,2019-01-24 10:00:00,7.1,7.14,7.14,7.08,-0.01737998760640469,-0.019819033555960215,7.109999999999999,7.122222222222222,7.167368421052632
81,2019-01-24 11:00:00,7.14,7.16,7.1,7.08,-0.015697640425225146,-0.013163471354880902,7.12,7.11888888888889,7.168421052631579
82,2019-01-24 12:00:00,7.18,7.19,7.14,7.14,-0.011009788469313442,-0.003030213954445995,7.1375,7.121111111111111,7.169999999999999
83,2019-01-24 14:00:00,7.18,7.19,7.18,7.15,-0.007211502310472184,0.0036530866905892176,7.1499999999999995,7.127777777777778,7.170000000000001
84,2019-01-24 15:00:00,7.18,7.21,7.18,7.17,-0.004153454723796912,0.007815345491151808,7.17,7.135555555555555,7.167894736842107
85,2019-01-25 10:00:00,7.16,7.18,7.18,7.12,-0.003305657272996143,0.007608752314202678,7.175,7.142222222222222,7.161578947368421
86,2019-01-25 11:00:00,7.15,7.19,7.15,7.12,-0.003401477990768953,0.005933688702925646,7.1675,7.147777777777778,7.154736842105263
87,2019-01-25 12:00:00,7.15,7.17,7.16,7.14,-0.0034377879207525552,0.004688855074366753,7.16,7.152222222222223,7.150526315789475
88,2019-01-25 14:00:00,7.16,7.18,7.15,7.15,-0.0026293380035511404,0.0050446039270156656,7.155,7.155555555555555,7.145263157894736
89,2019-01-25 15:00:00,7.13,7.17,7.16,7.12,-0.004359135498580358,0.001268007149565785,7.1475,7.158888888888888,7.142105263157895
90,2019-01-28 10:00:00,7.22,7.25,7.19,7.14,0.0015147739910510438,0.01041266090306287,7.165,7.167777777777778,7.144736842105263
91,2019-01-28 11:00:00,7.19,7.26,7.22,7.19,0.0037064150556798126,0.011836754425856326,7.175,7.168888888888889,7.145789473684211
92,2019-01-28 12:00:00,7.2,7.21,7.19,7.18,0.006178995205395665,0.013425531780230425,7.185,7.171111111111112,7.1478947368421055
93,2019-01-28 14:00:00,7.16,7.2,7.19,7.15,0.004854902784741988,0.008621877551138456,7.1925,7.168888888888889,7.1499999999999995
94,2019-01-28 15:00:00,7.17,7.19,7.16,7.13,0.004559902708335173,0.006425501918659861,7.18,7.17,7.153157894736842
95,2019-01-29 10:00:00,7.19,7.22,7.15,7.14,0.005872254184557946,0.0072401638968843255,7.180000000000001,7.174444444444443,7.157894736842105
96,2019-01-29 11:00:00,7.09,7.19,7.19,7.01,-0.0011436784672271827,-0.005433361125348745,7.1525,7.167777777777778,7.157368421052632
97,2019-01-29 12:00:00,7.13,7.14,7.09,7.07,-0.0034365752346676715,-0.008015323728183778,7.145,7.164444444444445,7.158421052631579
98,2019-01-29 14:00:00,7.17,7.2,7.14,7.12,-0.0020029578845477403,-0.004118471222355133,7.145,7.168888888888889,7.160526315789473
99,2019-01-29 15:00:00,7.18,7.2,7.18,7.14,-5.920687935923041e-05,-0.00018477536958249024,7.1425,7.1644444444444435,7.164736842105263
100,2019-01-30 10:00:00,7.16,7.18,7.14,7.1,-0.00013109191085725058,-0.00026283634606282446,7.16,7.161111111111111,7.165789473684211
101,2019-01-30 11:00:00,7.12,7.18,7.16,7.11,-0.003376801358203174,-0.005403404192603737,7.1575,7.152222222222223,7.1626315789473685
102,2019-01-30 12:00:00,7.18,7.2,7.12,7.12,-0.0010949292573130265,-0.0006717279926587536,7.16,7.154444444444445,7.1626315789473685
103,2019-01-30 14:00:00,7.13,7.18,7.18,7.11,-0.0032832638875852638,-0.004038717802562582,7.1475,7.1499999999999995,7.159999999999999
104,2019-01-30 15:00:00,7.1,7.15,7.12,7.09,-0.007353517357029382,-0.009743379793160655,7.1325,7.139999999999999,7.1568421052631574
105,2019-01-31 10:00:00,7.08,7.14,7.12,7.07,-0.012054103210786593,-0.015315641200540062,7.122499999999999,7.138888888888889,7.153157894736842
106,2019-01-31 11:00:00,7.14,7.16,7.09,7.09,-0.010813204911470642,-0.010267075681526527,7.112500000000001,7.140000000000001,7.152631578947367
107,2019-01-31 12:00:00,7.1,7.15,7.14,7.1,-0.012908646928685208,-0.011566367772764527,7.105,7.132222222222222,7.149473684210525
108,2019-01-31 14:00:00,7.08,7.11,7.11,7.08,-0.015998709512786036,-0.014197194352772946,7.1,7.121111111111111,7.1468421052631586
109,2019-01-31 15:00:00,7.05,7.08,7.08,7.02,-0.020630539634086453,-0.018768683676299025,7.0925,7.108888888888888,7.137894736842106
110,2019-02-01 10:00:00,7.08,7.11,7.1,7.05,-0.021631198109361094,-0.016616000501478646,7.077500000000001,7.104444444444444,7.132105263157896
111,2019-02-01 11:00:00,7.09,7.1,7.08,7.06,-0.0213709596143854,-0.012876418809221801,7.075,7.094444444444444,7.126315789473685
112,2019-02-01 12:00:00,7.13,7.19,7.09,7.08,-0.01773264216544934,-0.004479827129079749,7.0874999999999995,7.094444444444445,7.1247368421052615
113,2019-02-01 14:00:00,7.16,7.16,7.14,7.12,-0.012286864766250183,0.0051293821354548505,7.115,7.101111111111111,7.12421052631579
114,2019-02-01 15:00:00,7.17,7.18,7.16,7.15,-0.007082488003160137,0.012430508529307955,7.137499999999999,7.111111111111111,7.123157894736841
115,2019-02-11 10:00:00,7.21,7.21,7.19,7.16,0.0002666104636865896,0.021702964370401125,7.1675,7.118888888888888,7.1294736842105255
116,2019-02-11 11:00:00,7.25,7.27,7.21,7.2,0.00921229603784024,0.03167546841496674,7.1975,7.135555555555555,7.13578947368421
117,2019-02-11 12:00:00,7.38,7.43,7.25,7.24,0.026486410991518383,0.05297895865785842,7.2524999999999995,7.168888888888889,7.146842105263158
118,2019-02-11 14:00:00,7.37,7.41,7.39,7.33,0.03892070149948079,0.06227803173902659,7.3025,7.204444444444444,7.1568421052631574
119,2019-02-11 15:00:00,7.39,7.4,7.38,7.36,0.04981456783478677,0.06725261152771084,7.3475,7.238888888888888,7.168947368421051
120,2019-02-12 10:00:00,7.48,7.48,7.34,7.34,0.06496144809367443,0.07803709763638893,7.405,7.282222222222223,7.187894736842104
121,2019-02-12 11:00:00,7.48,7.52,7.48,7.44,0.07608836056894397,0.0802327380695424,7.430000000000001,7.321111111111112,7.203684210526315
122,2019-02-12 12:00:00,7.5,7.51,7.48,7.47,0.08553436480946619,0.07929979724046947,7.4625,7.358888888888888,7.223157894736842
123,2019-02-12 14:00:00,7.41,7.5,7.5,7.4,0.08478084260691787,0.062234202268298275,7.4675,7.385555555555555,7.239473684210526
124,2019-02-12 15:00:00,7.45,7.48,7.41,7.41,0.08641519595128244,0.052402327165621945,7.46,7.412222222222223,7.258947368421052
125,2019-02-13 10:00:00,7.49,7.5,7.46,7.42,0.08990176685126805,0.04750037517247452,7.4625,7.438888888888889,7.277368421052632
126,2019-02-13 11:00:00,7.5,7.56,7.48,7.44,0.09240660995693961,0.04200804910705411,7.4625,7.452222222222222,7.2984210526315785
127,2019-02-13 12:00:00,7.51,7.52,7.5,7.48,0.09411374788922444,0.03633785997729902,7.487500000000001,7.467777777777779,7.3210526315789455
128,2019-02-13 14:00:00,7.52,7.54,7.5,7.46,0.09517644857247731,0.03077060907504381,7.505,7.482222222222223,7.34578947368421
129,2019-02-13 15:00:00,7.51,7.53,7.52,7.49,0.09412669613260416,0.022936883356238003,7.51,7.485555555555556,7.368421052631579
130,2019-02-14 10:00:00,7.5,7.54,7.5,7.45,0.09143385081780053,0.014040954181304605,7.51,7.487777777777778,7.39
131,2019-02-14 11:00:00,7.56,7.62,7.5,7.48,0.09306841530543153,0.013848066525253278,7.5225,7.4944444444444445,7.41263157894737
132,2019-02-14 12:00:00,7.54,7.57,7.56,7.54,0.09169300668114744,0.008877799421348087,7.5275,7.5088888888888885,7.432631578947368
133,2019-02-14 14:00:00,7.5,7.55,7.54,7.49,0.08637958959168124,-0.001399227806067438,7.5249999999999995,7.514444444444444,7.45
134,2019-02-14 15:00:00,7.51,7.56,7.5,7.49,0.08202999398492938,-0.008078735215656913,7.5275,7.5166666666666675,7.465789473684212
135,2019-02-15 10:00:00,7.47,7.53,7.48,7.46,0.07449649322197605,-0.018516589393250876,7.504999999999999,7.513333333333334,7.477368421052631
136,2019-02-15 11:00:00,7.5,7.5,7.46,7.44,0.07013837731684802,-0.021786256962805534,7.495,7.512222222222222,7.4836842105263175
137,2019-02-15 12:00:00,7.49,7.5,7.5,7.46,0.06512688049867954,-0.025447400479313986,7.4925,7.5088888888888885,7.49
138,2019-02-15 14:00:00,7.56,7.63,7.49,7.48,0.06604235301437456,-0.018893164358339154,7.505,7.514444444444444,7.498947368421054
139,2019-02-15 15:00:00,7.51,7.57,7.57,7.5,0.062018380164682974,-0.02155288804617786,7.515000000000001,7.515555555555555,7.5005263157894735
140,2019-02-18 10:00:00,7.53,7.56,7.52,7.52,0.05975437431190844,-0.020864719801381548,7.522500000000001,7.512222222222222,7.503157894736842
141,2019-02-18 11:00:00,7.55,7.62,7.54,7.51,0.058895060617434325,-0.018066677752263838,7.5375000000000005,7.513333333333332,7.505789473684211
142,2019-02-18 12:00:00,7.62,7.62,7.55,7.54,0.06313468594948368,-0.007669941670532088,7.5525,7.526666666666666,7.516842105263159
143,2019-02-18 14:00:00,7.63,7.66,7.63,7.63,0.06653456692531368,-0.0006961437750976907,7.5825,7.54,7.526315789473684
144,2019-02-18 15:00:00,7.68,7.69,7.64,7.63,0.07242866664226888,0.008873644527050167,7.62,7.563333333333333,7.536315789473686
145,2019-02-19 10:00:00,7.68,7.72,7.71,7.64,0.07622115312544242,0.013166893994717793,7.6525,7.583333333333333,7.545789473684211
146,2019-02-19 11:00:00,7.69,7.72,7.68,7.62,0.07912157811225473,0.015174195174673943,7.67,7.605555555555556,7.555263157894737
147,2019-02-19 12:00:00,7.63,7.7,7.69,7.63,0.07570599565904779,0.006674424214608038,7.67,7.613333333333333,7.5610526315789475
148,2019-02-19 14:00:00,7.58,7.64,7.64,7.55,0.06817861914261325,-0.006704263054608833,7.645,7.621111111111111,7.5647368421052645
149,2019-02-19 15:00:00,7.62,7.64,7.58,7.54,0.06469502079905265,-0.010937167793384023,7.63,7.631111111111112,7.571052631578948
150,2019-02-20 10:00:00,7.58,7.64,7.62,7.57,0.05803755747234263,-0.019401675557443265,7.602500000000001,7.634444444444444,7.572105263157897
151,2019-02-20 11:00:00,7.55,7.6,7.58,7.54,0.04976703711697361,-0.028754173014545026,7.5825000000000005,7.626666666666667,7.5726315789473695
152,2019-02-20 12:00:00,7.54,7.58,7.55,7.54,0.04192241818194553,-0.03555472870768095,7.5725,7.616666666666666,7.574736842105264
153,2019-02-20 14:00:00,7.56,7.57,7.54,7.53,0.03689404245584882,-0.036489184127899504,7.557499999999999,7.603333333333334,7.577368421052632
154,2019-02-20 15:00:00,7.6,7.61,7.56,7.56,0.03572487010684533,-0.031062023060725183,7.5625,7.594444444444444,7.584210526315789
155,2019-02-21 10:00:00,7.58,7.59,7.59,7.53,0.03280628926239082,-0.029519347799707357,7.57,7.582222222222222,7.588421052631579
156,2019-02-21 11:00:00,7.59,7.61,7.57,7.56,0.030943511800071377,-0.026595922179476997,7.5825000000000005,7.577777777777778,7.593684210526316
157,2019-02-21 12:00:00,7.6,7.62,7.59,7.57,0.029929158952954893,-0.02289970229896797,7.592499999999999,7.58,7.59578947368421
158,2019-02-21 14:00:00,7.59,7.68,7.6,7.58,0.027995644227116756,-0.021413385400515392,7.59,7.576666666666666,7.599999999999999
159,2019-02-21 15:00:00,7.51,7.6,7.59,7.48,0.019779977200010457,-0.030275775563782387,7.5725,7.568888888888889,7.598947368421053
160,2019-02-22 10:00:00,7.55,7.57,7.5,7.49,0.01630867138447112,-0.029774709755888848,7.5625,7.568888888888889,7.598947368421053
161,2019-02-22 11:00:00,7.53,7.57,7.55,7.47,0.011807691940565412,-0.03102133491496021,7.545,7.567777777777778,7.594210526315789
162,2019-02-22 12:00:00,7.55,7.58,7.53,7.52,0.009742164547868803,-0.02812191176028274,7.535,7.566666666666666,7.590000000000001
163,2019-02-22 14:00:00,7.58,7.6,7.56,7.55,0.010406014430537347,-0.021435369595956523,7.5525,7.564444444444444,7.584736842105264
164,2019-02-22 15:00:00,7.64,7.64,7.58,7.57,0.015593862464759134,-0.008847738822010356,7.575,7.571111111111112,7.582631578947368
165,2019-02-25 10:00:00,7.71,7.77,7.65,7.65,0.025064753517614946,0.008075234626961011,7.62,7.584444444444443,7.583684210526316
166,2019-02-25 11:00:00,7.83,7.87,7.71,7.71,0.04177197866138904,0.03319174793160736,7.6899999999999995,7.609999999999999,7.594210526315789
167,2019-02-25 12:00:00,7.94,8.0,7.83,7.81,0.06316057980068379,0.0607751601681575,7.78,7.648888888888889,7.613157894736842
168,2019-02-25 14:00:00,7.91,8.02,7.94,7.87,0.07680508975539357,0.07045134406206165,7.8475,7.6933333333333325,7.6284210526315785
169,2019-02-25 15:00:00,7.99,8.0,7.92,7.91,0.09300172758594716,0.08227569577853507,7.9175,7.742222222222221,7.6499999999999995
170,2019-02-26 10:00:00,7.93,7.98,7.95,7.81,0.09984522756617054,0.07677015659118544,7.942500000000001,7.786666666666666,7.670000000000001
171,2019-02-26 11:00:00,7.94,8.06,7.93,7.81,0.1048668275214304,0.06945068520136413,7.9425,7.83,7.691052631578947
172,2019-02-26 12:00:00,8.03,8.06,7.96,7.91,0.11478555309866945,0.0714305090846738,7.9725,7.88,7.71578947368421
173,2019-02-26 14:00:00,8.1,8.14,8.03,7.98,0.12683258250421314,0.07641965431660896,8.0,7.931111111111111,7.742105263157894
174,2019-02-26 15:00:00,8.04,8.12,8.1,7.98,0.13003942796434753,0.06626667618950219,8.0275,7.967777777777779,7.7663157894736825
175,2019-02-27 10:00:00,8.06,8.09,8.04,8.01,0.13266542451614338,0.057214935434475145,8.0575,7.993333333333333,7.791052631578947
176,2019-02-27 11:00:00,8.02,8.06,8.05,7.95,0.13002008934143916,0.041539412068053366,8.055,8.002222222222223,7.813157894736841
177,2019-02-27 12:00:00,8.0,8.05,8.03,7.99,0.12487038127759575,0.024991996752293216,8.030000000000001,8.012222222222222,7.834736842105264
178,2019-02-27 14:00:00,7.96,8.09,8.0,7.96,0.1162218022386563,0.00615587093953146,8.01,8.008888888888889,7.858421052631579
179,2019-02-27 15:00:00,7.92,7.99,7.97,7.86,0.10493050182651142,-0.013141383907806642,7.975,8.007777777777779,7.877894736842106
180,2019-02-28 10:00:00,8.08,8.12,7.94,7.94,0.1076517849585743,-0.00615905411494469,7.99,8.023333333333333,7.9068421052631574
181,2019-02-28 11:00:00,8.06,8.11,8.08,8.04,0.10696160182889702,-0.006031536299439366,8.005,8.026666666666667,7.933684210526316
182,2019-02-28 12:00:00,8.06,8.08,8.06,8.01,0.10520192442725307,-0.0076407128821818215,8.030000000000001,8.022222222222222,7.958947368421053
183,2019-02-28 14:00:00,8.06,8.12,8.07,8.02,0.10262437746668063,-0.010236645442661368,8.065000000000001,8.024444444444445,7.981052631578948
184,2019-02-28 15:00:00,8.03,8.06,8.05,8.0,0.09704226087401935,-0.017120702902387125,8.0525,8.02111111111111,7.997894736842106
185,2019-03-01 10:00:00,8.0,8.08,8.07,7.98,0.08916975059915266,-0.026292578761696384,8.0375,8.018888888888888,8.006842105263159
186,2019-03-01 11:00:00,8.01,8.04,8.0,7.94,0.0827833707473431,-0.0312522707722524,8.025,8.020000000000001,8.010526315789473
187,2019-03-01 12:00:00,7.92,8.02,8.01,7.91,0.0696569093734496,-0.04600415481603154,7.99,8.015555555555556,8.011052631578947
188,2019-03-01 14:00:00,7.98,8.0,7.93,7.92,0.06336515861756631,-0.04687012506223848,7.9775,8.022222222222222,8.010526315789471
189,2019-03-01 15:00:00,8.04,8.05,7.98,7.96,0.06249993898127748,-0.038880451467852906,7.9875,8.017777777777777,8.016315789473683
190,2019-03-04 10:00:00,8.13,8.2,8.1,8.09,0.06828929751146351,-0.02184138752598469,8.0175,8.025555555555556,8.026315789473683
191,2019-03-04 11:00:00,8.15,8.17,8.13,8.1,0.07364233570449752,-0.008908248911933342,8.075,8.035555555555554,8.032631578947369
192,2019-03-04 12:00:00,8.15,8.17,8.15,8.12,0.07699708259984384,-0.0017590040969925613,8.1175,8.045555555555556,8.035263157894738
193,2019-03-04 14:00:00,8.31,8.38,8.16,8.16,0.09151151868480412,0.021815894458342394,8.185,8.076666666666666,8.049473684210527
194,2019-03-04 15:00:00,8.16,8.32,8.31,8.1,0.08987454959256702,0.014833565019094552,8.192499999999999,8.094444444444443,8.054736842105264
195,2019-03-05 10:00:00,8.13,8.16,8.16,8.08,0.08517465016597114,0.004347012932722244,8.1875,8.107777777777777,8.060526315789474
196,2019-03-05 11:00:00,8.15,8.17,8.12,8.11,0.08211718309195959,-0.0014143369722406929,8.1875,8.133333333333333,8.06842105263158
197,2019-03-05 12:00:00,8.14,8.17,8.15,8.1,0.07798820252865113,-0.007737838479086101,8.145,8.151111111111112,8.077894736842106
198,2019-03-05 14:00:00,8.18,8.2,8.14,8.11,0.07705537499296788,-0.007682794840362078,8.15,8.166666666666666,8.091578947368422
199,2019-03-05 15:00:00,8.22,8.22,8.18,8.15,0.07863728646794144,-0.0036151775123319796,8.1725,8.176666666666668,8.098947368421054
200,2019-03-06 10:00:00,8.15,8.23,8.2,8.14,0.07339647880339939,-0.011277434273132853,8.1725,8.176666666666668,8.103684210526318
201,2019-03-06 11:00:00,8.24,8.31,8.14,8.12,0.07563349298299293,-0.005442724731156617,8.1975,8.186666666666666,8.113157894736844
202,2019-03-06 12:00:00,8.26,8.26,8.24,8.22,0.07811966086748257,-0.0003763111697418775,8.2175,8.181111111111113,8.123684210526317
203,2019-03-06 14:00:00,8.22,8.29,8.25,8.19,0.07598637746225556,-0.003714302384156709,8.2175,8.187777777777777,8.133684210526315
204,2019-03-06 15:00:00,8.28,8.29,8.22,8.16,0.07823538473779301,0.0006269697335345437,8.25,8.204444444444444,8.148421052631578
205,2019-03-07 10:00:00,8.28,8.29,8.27,8.21,0.07910585613899279,0.001894330028747282,8.26,8.21888888888889,8.16263157894737
206,2019-03-07 11:00:00,8.34,8.41,8.29,8.25,0.08367268295031494,0.008822386921113257,8.280000000000001,8.241111111111111,8.184736842105265
207,2019-03-07 12:00:00,8.32,8.35,8.33,8.28,0.0847017047204357,0.008704344369083822,8.305,8.256666666666668,8.202631578947368
208,2019-03-07 14:00:00,8.27,8.32,8.32,8.25,0.0805540527771349,0.00032723238598578175,8.302499999999998,8.262222222222222,8.214736842105264
209,2019-03-07 15:00:00,8.29,8.35,8.27,8.25,0.07798191461327164,-0.0038536351533925983,8.305,8.277777777777779,8.223157894736843
210,2019-03-08 10:00:00,8.14,8.18,8.15,8.08,0.06311221189670313,-0.02687443246922369,8.254999999999999,8.266666666666666,8.22263157894737
211,2019-03-08 11:00:00,8.13,8.2,8.13,8.1,0.04994521162706533,-0.042566746406799416,8.2075,8.25222222222222,8.22157894736842
212,2019-03-08 12:00:00,8.02,8.14,8.13,8.02,0.030285080798977404,-0.06550960645038023,8.145,8.229999999999999,8.206315789473683
213,2019-03-08 14:00:00,7.99,8.06,8.03,7.96,0.012143552876128894,-0.0814341298368618,8.07,8.197777777777777,8.197368421052634
214,2019-03-08 15:00:00,7.84,8.05,7.98,7.82,-0.014174094959450656,-0.10725554040641672,7.995,8.148888888888889,8.182105263157897
215,2019-03-11 10:00:00,7.98,8.02,7.88,7.88,-0.023463715400893648,-0.10066782503144216,7.9575,8.10888888888889,8.173157894736843
216,2019-03-11 11:00:00,8.08,8.13,7.98,7.96,-0.02249730730913413,-0.0789880070783385,7.9725,8.08222222222222,8.17
217,2019-03-11 12:00:00,8.09,8.15,8.08,8.08,-0.020686049604092815,-0.06029239333460469,7.9975,8.062222222222223,8.165263157894737
218,2019-03-11 14:00:00,8.07,8.13,8.09,8.07,-0.02062667619297187,-0.04813891720989025,8.055,8.037777777777778,8.157368421052633
219,2019-03-11 15:00:00,8.18,8.19,8.07,8.04,-0.011570167951292731,-0.024020720581225573,8.105,8.042222222222222,8.158947368421053
220,2019-03-12 10:00:00,8.2,8.27,8.26,8.17,-0.0027473176998178417,-0.005100016062620634,8.135,8.05,8.156842105263157
221,2019-03-12 11:00:00,8.23,8.26,8.2,8.19,0.006589642670421725,0.0108591237422868,8.17,8.073333333333334,8.155263157894737
222,2019-03-12 12:00:00,8.23,8.26,8.23,8.22,0.013829829368813051,0.020271597711255564,8.21,8.100000000000001,8.155789473684209
223,2019-03-12 14:00:00,8.2,8.29,8.24,8.17,0.016951573028590516,0.021212068024648395,8.215,8.14,8.15157894736842
224,2019-03-12 15:00:00,8.24,8.24,8.2,8.11,0.02239508645971533,0.025679275909518417,8.225,8.168888888888889,8.149473684210527
225,2019-03-13 10:00:00,8.15,8.25,8.24,8.11,0.019225245570028804,0.015471675304116292,8.205,8.176666666666668,8.139473684210527
226,2019-03-13 11:00:00,8.11,8.19,8.15,8.11,0.01333177768699656,0.002947791630441444,8.174999999999999,8.178888888888888,8.128421052631579
227,2019-03-13 12:00:00,8.14,8.18,8.11,8.1,0.010955621622663614,-0.00144361639857956,8.16,8.186666666666666,8.121578947368421
228,2019-03-13 14:00:00,8.12,8.16,8.14,8.11,0.007373668904193664,-0.006886017468415568,8.129999999999999,8.18,8.112631578947367
229,2019-03-13 15:00:00,8.05,8.14,8.12,8.01,-0.001100780307192295,-0.01906793271294999,8.105,8.163333333333332,8.107894736842105
230,2019-03-14 10:00:00,8.08,8.13,8.04,8.02,-0.005334599144518393,-0.022028456310081747,8.0975,8.146666666666668,8.105263157894738
231,2019-03-14 11:00:00,7.99,8.08,8.07,7.92,-0.01577038770203032,-0.03432002674008448,8.06,8.12,8.103684210526318
232,2019-03-14 12:00:00,7.94,8.01,7.99,7.93,-0.02775545978894911,-0.046632136731137655,8.015,8.091111111111111,8.101052631578948
233,2019-03-14 14:00:00,7.93,7.95,7.93,7.87,-0.037626892793923616,-0.05310000219286933,7.985,8.056666666666665,8.105789473684212
234,2019-03-14 15:00:00,8.05,8.07,7.93,7.88,-0.035359475429800113,-0.03885213397169786,7.9775,8.045555555555556,8.109473684210528
235,2019-03-15 10:00:00,8.03,8.08,8.04,8.0,-0.03477549344446196,-0.03014733600081724,7.987500000000001,8.036666666666667,8.10684210526316
236,2019-03-15 11:00:00,8.17,8.19,8.04,8.02,-0.022753564613276822,-0.004882782670757577,8.045,8.04,8.111052631578946
237,2019-03-15 12:00:00,8.15,8.19,8.17,8.14,-0.014670816217185134,0.009026171297140638,8.1,8.043333333333335,8.115263157894736
238,2019-03-15 14:00:00,8.07,8.17,8.15,8.06,-0.01455275617788665,0.0074098331005900825,8.105,8.045555555555556,8.109473684210526
239,2019-03-15 15:00:00,8.15,8.16,8.08,8.05,-0.007912649239086633,0.016552037582552095,8.135,8.053333333333335,8.106842105263159
240,2019-03-18 10:00:00,8.15,8.21,8.2,8.02,-0.0026201136119450297,0.021709687069468242,8.129999999999999,8.071111111111112,8.102631578947367
241,2019-03-18 11:00:00,8.22,8.28,8.15,8.13,0.007140364313730885,0.03298451433665606,8.147499999999999,8.10222222222222,8.102105263157895
242,2019-03-18 12:00:00,8.21,8.22,8.22,8.16,0.013908369932835285,0.03721642045989189,8.182500000000001,8.133333333333335,8.102631578947369
243,2019-03-18 14:00:00,8.38,8.5,8.21,8.19,0.032613692056830956,0.05970165176630658,8.24,8.17,8.11
244,2019-03-18 15:00:00,8.45,8.46,8.38,8.38,0.052481238540792674,0.07954939578738401,8.315000000000001,8.216666666666667,8.12578947368421
245,2019-03-19 10:00:00,8.39,8.47,8.43,8.36,0.06266257850924539,0.07992966057943156,8.357500000000002,8.241111111111111,8.140526315789472
246,2019-03-19 11:00:00,8.4,8.44,8.39,8.33,0.07072302915678819,0.07684044949961372,8.405,8.26888888888889,8.154210526315788
247,2019-03-19 12:00:00,8.36,8.44,8.41,8.35,0.07304135340592488,0.06518167839830968,8.4,8.30111111111111,8.166842105263159
248,2019-03-19 14:00:00,8.46,8.54,8.37,8.36,0.08200253219478171,0.06648322878081867,8.4025,8.335555555555556,8.188421052631579
249,2019-03-19 15:00:00,8.44,8.49,8.46,8.4,0.08649345538041331,0.06037206012166549,8.415,8.367777777777778,8.207368421052633
250,2019-03-20 10:00:00,8.48,8.57,8.45,8.41,0.09221718772949394,0.057455619855861395,8.434999999999999,8.396666666666668,8.233157894736841
251,2019-03-20 11:00:00,8.46,8.53,8.48,8.43,0.0940552436983797,0.04890538543490633,8.46,8.424444444444443,8.260526315789473
252,2019-03-20 12:00:00,8.32,8.49,8.46,8.3,0.0832553702415435,0.021844510816987156,8.425,8.417777777777777,8.281052631578946
253,2019-03-20 14:00:00,8.35,8.42,8.32,8.3,0.07623831416862004,0.006248318936912189,8.4025,8.406666666666666,8.296842105263158
254,2019-03-20 15:00:00,8.47,8.48,8.35,8.35,0.07944445753976304,0.010128484543358546,8.4,8.415555555555555,8.319999999999999
255,2019-03-21 10:00:00,8.48,8.57,8.48,8.43,0.08184876408365227,0.0119496781049096,8.405000000000001,8.424444444444445,8.336315789473684
256,2019-03-21 11:00:00,8.52,8.65,8.49,8.49,0.08599061377947947,0.016186701997251196,8.455,8.442222222222222,8.355789473684212
257,2019-03-21 12:00:00,8.54,8.55,8.52,8.48,0.08985114429581742,0.019126210423941664,8.502500000000001,8.45111111111111,8.380526315789472
258,2019-03-21 14:00:00,8.52,8.62,8.54,8.51,0.09025639020695664,0.01594936179697609,8.515,8.46,8.4
259,2019-03-21 15:00:00,8.52,8.58,8.51,8.5,0.08954532771332424,0.011621789447769038,8.524999999999999,8.464444444444444,8.419473684210528
260,2019-03-22 10:00:00,8.46,8.55,8.48,8.45,0.08318144310762143,-0.0008847838109092565,8.51,8.464444444444446,8.432105263157895
261,2019-03-22 11:00:00,8.65,8.84,8.46,8.4,0.0924042521133206,0.01404866736039126,8.5375,8.501111111111111,8.455263157894738
262,2019-03-22 12:00:00,8.68,8.68,8.65,8.57,0.10097022210794826,0.02494448587971726,8.5775,8.537777777777778,8.471052631578948
263,2019-03-22 14:00:00,8.68,8.73,8.68,8.66,0.10653079435891932,0.028852504305327514,8.6175,8.561111111111112,8.483157894736843
264,2019-03-22 15:00:00,8.67,8.76,8.68,8.64,0.10887562111556193,0.026833726254890167,8.67,8.58222222222222,8.497894736842106
265,2019-03-25 10:00:00,8.82,8.91,8.51,8.5,0.12143780024266881,0.041566467607283164,8.7125,8.615555555555554,8.519999999999998
266,2019-03-25 11:00:00,8.91,9.02,8.82,8.77,0.13707554400045652,0.05827356409828685,8.77,8.656666666666666,8.548947368421052
267,2019-03-25 12:00:00,8.87,8.93,8.91,8.85,0.14457433989045576,0.058616924702628304,8.8175,8.695555555555556,8.570526315789474
268,2019-03-25 14:00:00,8.91,8.98,8.88,8.86,0.1519927772414178,0.0587630395236419,8.877500000000001,8.738888888888889,8.595263157894736
269,2019-03-25 15:00:00,8.79,8.96,8.91,8.74,0.14650018226292616,0.03822227965332692,8.870000000000001,8.775555555555554,8.61157894736842
270,2019-03-26 10:00:00,8.73,8.97,8.8,8.69,0.13574102457592474,0.013363171423459275,8.825,8.784444444444446,8.62578947368421
271,2019-03-26 11:00:00,8.63,8.77,8.73,8.63,0.117787370837382,-0.018035308842900943,8.765,8.778888888888888,8.642105263157895
272,2019-03-26 12:00:00,8.58,8.68,8.63,8.58,0.09839020769934947,-0.045463708095172806,8.6825,8.767777777777779,8.65421052631579
273,2019-03-26 14:00:00,8.55,8.65,8.58,8.51,0.07967858179121379,-0.06630956792915535,8.622499999999999,8.754444444444445,8.65842105263158
274,2019-03-26 15:00:00,8.51,8.56,8.53,8.47,0.0609195748057374,-0.08306206552008649,8.5675,8.72,8.660000000000002
275,2019-03-27 10:00:00,8.67,8.71,8.65,8.54,0.058291639705368326,-0.0706543485766597,8.5775,8.693333333333333,8.667894736842106
276,2019-03-27 11:00:00,8.69,8.77,8.67,8.55,0.057163865598750974,-0.05832791743191551,8.605,8.673333333333334,8.67578947368421
277,2019-03-27 12:00:00,8.65,8.69,8.69,8.63,0.052437958642299165,-0.05422378507585529,8.629999999999999,8.644444444444446,8.682631578947369
278,2019-03-27 14:00:00,8.61,8.69,8.66,8.55,0.04494685822180422,-0.05536478873347614,8.655,8.624444444444443,8.687368421052632
279,2019-03-27 15:00:00,8.75,8.75,8.61,8.59,0.04973363871034131,-0.03663298220512157,8.675,8.626666666666667,8.70263157894737
280,2019-03-28 10:00:00,8.84,8.89,8.74,8.67,0.060096687369902924,-0.012725507908798672,8.712499999999999,8.65,8.712631578947368
281,2019-03-28 11:00:00,8.82,8.88,8.83,8.75,0.06593558090808038,-0.0008381766659550094,8.754999999999999,8.676666666666668,8.72
282,2019-03-28 12:00:00,8.77,8.87,8.82,8.74,0.0657702059775005,-0.000935141221691832,8.795,8.70111111111111,8.724736842105264
283,2019-03-28 14:00:00,8.65,8.78,8.77,8.59,0.05531847113470789,-0.017470888725821643,8.77,8.716666666666667,8.723684210526317
284,2019-03-28 15:00:00,8.63,8.7,8.65,8.6,0.044903938467170335,-0.0306399632487174,8.717500000000001,8.712222222222222,8.713684210526315
285,2019-03-29 10:00:00,8.37,8.66,8.53,8.33,0.015491937790697463,-0.07157117168133051,8.605,8.676666666666668,8.685263157894738
286,2019-03-29 11:00:00,8.48,8.52,8.37,8.37,0.0010467299924279416,-0.08036926982229564,8.532499999999999,8.657777777777778,8.664736842105263
287,2019-03-29 12:00:00,8.58,8.65,8.48,8.47,-0.002305461074506354,-0.06965892156493139,8.515,8.654444444444444,8.647368421052633
288,2019-03-29 14:00:00,8.61,8.64,8.59,8.55,-0.002512386143193268,-0.05605821736184417,8.51,8.63888888888889,8.637894736842105
289,2019-03-29 15:00:00,8.64,8.65,8.61,8.55,-0.0002527133492211675,-0.041231097419119976,8.5775,8.616666666666667,8.633157894736843
290,2019-04-01 10:00:00,8.74,8.79,8.66,8.66,0.009497773464849146,-0.017384099032783477,8.6425,8.607777777777777,8.638947368421055
291,2019-04-01 11:00:00,8.83,8.87,8.75,8.72,0.02420829420561965,0.009629553959006026,8.705,8.614444444444445,8.652105263157896
292,2019-04-01 12:00:00,8.82,8.84,8.83,8.77,0.034660032173965405,0.024426423916558027,8.7575,8.633333333333333,8.666315789473684
293,2019-04-01 14:00:00,8.8,8.84,8.82,8.77,0.040858288050316105,0.02945834853540754,8.7975,8.652222222222221,8.681578947368422
294,2019-04-01 15:00:00,8.88,8.88,8.8,8.75,0.051630616294747966,0.04080240401941702,8.8325,8.708888888888888,8.692631578947369
295,2019-04-02 10:00:00,9.04,9.08,8.9,8.81,0.07224562427776604,0.06562593598836253,8.885,8.77111111111111,8.711052631578948
296,2019-04-02 11:00:00,8.99,9.06,9.05,8.94,0.08358506786243503,0.0706438585261604,8.9275,8.816666666666668,8.728947368421052
297,2019-04-02 12:00:00,9.0,9.02,8.99,8.97,0.09231443172093812,0.07048206899453327,8.977500000000001,8.860000000000001,8.749473684210527
298,2019-04-02 14:00:00,8.89,9.05,9.01,8.84,0.08932673181838702,0.05160533535154485,8.98,8.887777777777778,8.756842105263157
299,2019-04-02 15:00:00,8.9,8.93,8.89,8.79,0.08676569364039466,0.03718660719644812,8.945,8.905555555555557,8.760000000000002
300,2019-04-03 10:00:00,8.82,8.92,8.79,8.74,0.07738863303210586,0.014745988783896408,8.9025,8.904444444444445,8.759999999999998
301,2019-04-03 11:00:00,8.86,8.95,8.84,8.8,0.07235089457225286,0.003736409491352316,8.8675,8.908888888888889,8.764736842105265
302,2019-04-03 12:00:00,8.99,9.02,8.87,8.86,0.0779498072367879,0.011947387856337921,8.8925,8.93,8.782631578947369
303,2019-04-03 14:00:00,9.22,9.37,8.99,8.98,0.09979568117923776,0.0445113085929901,8.9725,8.967777777777778,8.813684210526317
304,2019-04-03 15:00:00,9.18,9.25,9.24,9.12,0.11258323847113871,0.05606913854143361,9.0625,8.983333333333333,8.856315789473685
305,2019-04-04 10:00:00,9.12,9.21,9.18,9.09,0.11653265528420853,0.051174377734058585,9.1275,8.997777777777777,8.89
306,2019-04-04 11:00:00,9.07,9.17,9.12,9.05,0.11431031625987131,0.03738375974830732,9.147499999999999,9.005555555555553,8.915789473684208
307,2019-04-04 12:00:00,9.05,9.08,9.07,9.0,0.1096710441894082,0.022484172485904896,9.105,9.023333333333333,8.938947368421054
308,2019-04-04 14:00:00,9.07,9.11,9.05,8.98,0.10638191599529279,0.012724732878139244,9.0775,9.042222222222222,8.96157894736842
309,2019-04-04 15:00:00,9.09,9.15,9.07,9.02,0.10418807577488565,0.006669641949859972,9.07,9.072222222222223,8.98
310,2019-04-08 10:00:00,9.13,9.21,9.13,9.03,0.10447280978140583,0.005791287970320275,9.085,9.10222222222222,8.99578947368421
311,2019-04-08 11:00:00,9.08,9.14,9.12,9.06,0.09951671466079937,-0.003296721816714143,9.0925,9.112222222222222,9.009473684210526
312,2019-04-08 12:00:00,8.98,9.09,9.07,8.98,0.08652243256162606,-0.02342822881204859,9.07,9.085555555555556,9.018947368421053
313,2019-04-08 14:00:00,8.92,8.98,8.98,8.86,0.07056939179946298,-0.04426744826909981,9.0275,9.056666666666667,9.021052631578947
314,2019-04-08 15:00:00,8.99,9.03,8.92,8.89,0.06285040668039521,-0.04776433480578829,8.992500000000001,9.042222222222222,9.01842105263158
315,2019-04-09 10:00:00,8.98,9.02,9.0,8.92,0.055288804018102766,-0.05031003210429855,8.967500000000001,9.032222222222224,9.017894736842104
316,2019-04-09 11:00:00,9.18,9.22,8.98,8.95,0.06468881556168427,-0.025208007213708444,9.0175,9.046666666666669,9.027368421052632
317,2019-04-09 12:00:00,9.13,9.18,9.17,9.11,0.06732769850253284,-0.01594419306560904,9.07,9.053333333333333,9.04
318,2019-04-09 14:00:00,9.07,9.17,9.16,9.02,0.06384160737638922,-0.01833310025431703,9.09,9.051111111111112,9.048947368421054
319,2019-04-09 15:00:00,9.1,9.11,9.07,9.0,0.06277596210802727,-0.016371512632832735,9.120000000000001,9.047777777777776,9.063684210526315
320,2019-04-10 10:00:00,8.93,9.05,9.05,8.88,0.04766440570565855,-0.037275700350056146,9.057500000000001,9.03111111111111,9.067368421052631
321,2019-04-10 11:00:00,8.95,8.98,8.93,8.85,0.03687712469860749,-0.04708020989132662,9.0125,9.027777777777779,9.065263157894735
322,2019-04-10 12:00:00,8.94,8.99,8.95,8.93,0.027207578328997784,-0.05313544210443681,8.98,9.03,9.050526315789472
323,2019-04-10 14:00:00,9.01,9.09,8.94,8.93,0.024905710622562083,-0.04619134201384657,8.9575,9.032222222222224,9.04157894736842
324,2019-04-10 15:00:00,8.94,9.06,9.02,8.93,0.01723438167168112,-0.049227199932486795,8.959999999999999,9.027777777777779,9.032105263157893
325,2019-04-11 10:00:00,9.11,9.16,8.9,8.89,0.0245889315629082,-0.02761448012002611,9.0,9.020000000000001,9.034210526315789
326,2019-04-11 11:00:00,9.0,9.12,9.1,8.98,0.021295898781813705,-0.027360436545772082,9.015,9.005555555555555,9.031578947368422
327,2019-04-11 12:00:00,8.98,9.04,9.0,8.95,0.01687775744298392,-0.02895737537874532,9.0075,8.995555555555557,9.026842105263158
328,2019-04-11 14:00:00,8.96,9.02,8.97,8.9,0.011628469984438894,-0.0315647602366683,9.0125,8.979999999999999,9.02
329,2019-04-11 15:00:00,8.79,8.99,8.96,8.78,-0.0061779913575481515,-0.05374214633651391,8.932500000000001,8.964444444444446,9.002105263157894
330,2019-04-12 10:00:00,8.99,9.05,8.82,8.81,-0.004104102194061099,-0.039675494407631844,8.93,8.96888888888889,8.99736842105263
331,2019-04-12 11:00:00,9.03,9.14,8.98,8.97,0.0007583933293986433,-0.023960402688569887,8.9425,8.97888888888889,9.0
332,2019-04-12 12:00:00,9.02,9.07,9.03,8.99,0.003761677362543736,-0.01436306769782376,8.9575,8.979999999999999,9.005263157894738
333,2019-04-12 14:00:00,9.03,9.09,9.01,8.98,0.006869530353043274,-0.006517889373459748,9.0175,8.99,9.007368421052632
334,2019-04-12 15:00:00,9.09,9.09,9.03,8.99,0.014012497449837014,0.0062144358561021865,9.0425,8.987777777777778,9.013157894736842
335,2019-04-15 10:00:00,9.11,9.22,9.2,9.04,0.02104459420715621,0.016222903496592462,9.0625,8.999999999999998,9.009473684210526
336,2019-04-15 11:00:00,9.09,9.15,9.1,9.05,0.024718805692723222,0.018857061174181188,9.079999999999998,9.012222222222222,9.007368421052632
337,2019-04-15 12:00:00,9.07,9.11,9.1,9.07,0.02572032402822444,0.0166880782761469,9.09,9.024444444444445,9.007368421052632
338,2019-04-15 14:00:00,9.01,9.08,9.08,9.0,0.021425555498733928,0.0064788329737327024,9.07,9.04888888888889,9.002631578947367
339,2019-04-15 15:00:00,8.9,9.04,9.02,8.9,0.009041613710685681,-0.01463124048189103,9.0175,9.038888888888888,9.001052631578949
340,2019-04-16 10:00:00,8.71,8.85,8.83,8.65,-0.01592063827380308,-0.05164459556069484,8.9225,9.003333333333334,8.98842105263158
341,2019-04-16 11:00:00,8.73,8.78,8.71,8.6,-0.03370108483402845,-0.06976439094491646,8.8375,8.97111111111111,8.977368421052633
342,2019-04-16 12:00:00,8.79,8.81,8.72,8.68,-0.04246125140019963,-0.06982777926180705,8.782499999999999,8.944444444444445,8.965789473684211
343,2019-04-16 14:00:00,8.9,8.9,8.79,8.79,-0.040065812084234764,-0.05202952050390187,8.7825,8.923333333333334,8.963684210526315
344,2019-04-16 15:00:00,8.98,8.98,8.89,8.89,-0.03135068655651985,-0.027679415558777627,8.850000000000001,8.908888888888889,8.956842105263156
345,2019-04-17 10:00:00,8.89,8.96,8.93,8.86,-0.03134481115382037,-0.022134131802702947,8.89,8.886666666666667,8.951052631578946
346,2019-04-17 11:00:00,8.87,8.94,8.89,8.85,-0.03257844368841312,-0.019681117497510746,8.91,8.864444444444445,8.945263157894736
347,2019-04-17 12:00:00,8.85,8.88,8.87,8.82,-0.0347691421848797,-0.019250011592355135,8.8975,8.846666666666666,8.939473684210526
348,2019-04-17 14:00:00,8.93,8.96,8.85,8.85,-0.029707505483424157,-0.007301390551555244,8.885,8.850000000000001,8.946842105263157
349,2019-04-17 15:00:00,8.87,8.95,8.92,8.85,-0.030189613418370342,-0.006612485137158085,8.879999999999999,8.867777777777778,8.940526315789475
350,2019-04-18 10:00:00,8.74,8.84,8.84,8.72,-0.04059366250223384,-0.021936466643908067,8.8475,8.868888888888888,8.925263157894738
351,2019-04-18 11:00:00,8.75,8.8,8.74,8.69,-0.047484656371333145,-0.028574763505685344,8.8225,8.864444444444445,8.911052631578947
352,2019-04-18 12:00:00,8.73,8.76,8.75,8.7,-0.05393788910215136,-0.033184983173857416,8.7725,8.845555555555556,8.895263157894737
353,2019-04-18 14:00:00,8.73,8.75,8.73,8.71,-0.058379163872995576,-0.03365402617243668,8.7375,8.817777777777778,8.876315789473683
354,2019-04-18 15:00:00,8.71,8.77,8.73,8.68,-0.06278894708236749,-0.03397887407294439,8.73,8.797777777777778,8.855263157894735
355,2019-04-19 10:00:00,8.75,8.8,8.74,8.69,-0.062337478689913794,-0.026460749830429606,8.73,8.784444444444444,8.837368421052632
356,2019-04-19 11:00:00,8.62,8.76,8.75,8.59,-0.07164373589024287,-0.03605861138487021,8.7025,8.75888888888889,8.813684210526317
357,2019-04-19 12:00:00,8.67,8.7,8.61,8.59,-0.07412990622223425,-0.03282476163908239,8.6875,8.73,8.795789473684211
358,2019-04-19 14:00:00,8.67,8.72,8.68,8.62,-0.07523297521485084,-0.028024719699452444,8.6775,8.707777777777778,8.783684210526316
359,2019-04-19 15:00:00,8.76,8.77,8.67,8.67,-0.06806036003567861,-0.0109435914728864,8.68,8.71,8.786315789473683
360,2019-04-22 10:00:00,8.74,8.83,8.8,8.74,-0.06326061469546396,-0.0010752806339656695,8.71,8.708888888888888,8.786842105263156
361,2019-04-22 11:00:00,8.81,8.84,8.74,8.7,-0.053195166184520914,0.015244493110336335,8.745000000000001,8.717777777777778,8.787894736842105
362,2019-04-22 12:00:00,8.74,8.82,8.81,8.72,-0.05028696389037002,0.016848718158910495,8.762500000000001,8.71888888888889,8.779473684210526
363,2019-04-22 14:00:00,8.75,8.79,8.74,8.72,-0.04663766620816645,0.019317850818654086,8.76,8.723333333333333,8.767368421052632
364,2019-04-22 15:00:00,8.72,8.78,8.75,8.68,-0.04564020886503606,0.017050212403931897,8.755,8.72,8.75842105263158
365,2019-04-23 10:00:00,8.64,8.72,8.69,8.58,-0.0507203752330696,0.005511903734291848,8.7125,8.722222222222221,8.746315789473684
366,2019-04-23 11:00:00,8.52,8.68,8.63,8.5,-0.06369520215693569,-0.016350200090752276,8.657499999999999,8.705555555555556,8.728947368421052
367,2019-04-23 12:00:00,8.55,8.56,8.52,8.49,-0.07074163120375765,-0.02435444654751695,8.6075,8.69222222222222,8.708947368421056
368,2019-04-23 14:00:00,8.55,8.62,8.55,8.51,-0.0754561652865533,-0.027026811770486603,8.565000000000001,8.668888888888889,8.692105263157899
369,2019-04-23 15:00:00,8.47,8.56,8.55,8.44,-0.08467175563305673,-0.036366393970794775,8.5225,8.63888888888889,8.677894736842106
370,2019-04-24 10:00:00,8.46,8.55,8.5,8.45,-0.09172474800558206,-0.04037790297267635,8.5075,8.600000000000001,8.66263157894737
371,2019-04-24 11:00:00,8.39,8.49,8.46,8.32,-0.101789346040972,-0.04840567923476499,8.467500000000001,8.56111111111111,8.644736842105264
372,2019-04-24 12:00:00,8.33,8.4,8.39,8.27,-0.11330104711096567,-0.05714326509980186,8.4125,8.514444444444445,8.623684210526319
373,2019-04-24 14:00:00,8.44,8.49,8.35,8.33,-0.11225407732693427,-0.04403946042539125,8.405,8.483333333333333,8.609473684210528
374,2019-04-24 15:00:00,8.4,8.46,8.44,8.36,-0.11334543630153071,-0.036977742699667304,8.389999999999999,8.456666666666669,8.591052631578949
375,2019-04-25 10:00:00,8.4,8.5,8.39,8.37,-0.11290880374543022,-0.028883582069973046,8.3925,8.443333333333335,8.579473684210527
376,2019-04-25 11:00:00,8.32,8.44,8.41,8.3,-0.11766176907902093,-0.03071161018972357,8.39,8.417777777777777,8.561052631578947
377,2019-04-25 12:00:00,8.28,8.34,8.32,8.24,-0.12323561064717126,-0.03348743466081938,8.35,8.387777777777778,8.540526315789474
378,2019-04-25 14:00:00,8.26,8.32,8.28,8.24,-0.12779362770886316,-0.03408277502736254,8.315,8.364444444444446,8.514210526315788
379,2019-04-25 15:00:00,8.12,8.29,8.26,8.11,-0.14107647722774885,-0.04851877925210718,8.245,8.326666666666666,8.48157894736842
380,2019-04-26 10:00:00,8.12,8.15,8.11,8.03,-0.1498755590191525,-0.052893554267931575,8.194999999999999,8.296666666666669,8.445263157894738
381,2019-04-26 11:00:00,8.08,8.14,8.12,8.04,-0.1582523261318567,-0.055717670794671936,8.145,8.268888888888888,8.410526315789475
382,2019-04-26 12:00:00,8.1,8.1,8.08,8.06,-0.16141643340099243,-0.049636708266354745,8.105,8.231111111111112,8.376315789473685
383,2019-04-26 14:00:00,8.11,8.16,8.1,8.07,-0.1612582105104181,-0.0394562099881649,8.1025,8.19888888888889,8.344210526315791
384,2019-04-26 15:00:00,8.09,8.18,8.11,8.08,-0.16089198789802595,-0.03097901181070445,8.094999999999999,8.164444444444445,8.315263157894735
385,2019-04-29 10:00:00,8.02,8.13,8.08,7.96,-0.16435558000628703,-0.030324956821781268,8.08,8.13111111111111,8.288947368421054
386,2019-04-29 11:00:00,7.98,8.09,8.02,7.92,-0.16838710567508386,-0.030710406527499956,8.05,8.097777777777779,8.258947368421053
387,2019-04-29 12:00:00,7.97,8.03,7.98,7.96,-0.17042448782955333,-0.027828136669151127,8.015,8.065555555555555,8.22842105263158
388,2019-04-29 14:00:00,8.11,8.13,7.97,7.97,-0.15891047683570747,-0.0038400917451675287,8.02,8.064444444444444,8.209473684210524
389,2019-04-29 15:00:00,8.09,8.24,8.11,8.07,-0.14967402404183083,0.011706251074068585,8.0375,8.06111111111111,8.19
390,2019-04-30 10:00:00,8.1,8.12,8.1,8.04,-0.1399340792712227,0.02494891249222786,8.067499999999999,8.063333333333333,8.174736842105263
391,2019-04-30 11:00:00,8.12,8.12,8.09,8.06,-0.12911293645355393,0.03727295850205231,8.104999999999999,8.065555555555555,8.163684210526315
392,2019-04-30 12:00:00,8.08,8.12,8.12,8.08,-0.12235434380206378,0.040632115044026085,8.097499999999998,8.062222222222223,8.144736842105264
393,2019-04-30 14:00:00,8.02,8.11,8.09,8.0,-0.12045112341924735,0.035550844647727176,8.079999999999998,8.054444444444444,8.124736842105264
394,2019-04-30 15:00:00,8.0,8.03,8.02,7.96,-0.11918277555898626,0.03047003229459949,8.055,8.052222222222222,8.103684210526316
395,2019-05-06 10:00:00,7.65,7.75,7.75,7.58,-0.14475107537720078,-0.016533253873463605,7.9375,8.015555555555556,8.06842105263158
396,2019-05-06 11:00:00,7.34,7.69,7.65,7.31,-0.18786297893417903,-0.08220564878993608,7.7525,7.945555555555556,8.018947368421053
397,2019-05-06 12:00:00,7.33,7.38,7.36,7.33,-0.22029694349951345,-0.11765886233648393,7.58,7.858888888888889,7.970000000000001
398,2019-05-06 14:00:00,7.27,7.38,7.32,7.25,-0.24798398760626306,-0.13842636043998652,7.3975,7.767777777777777,7.9252631578947375
399,2019-05-06 15:00:00,7.2,7.28,7.27,7.2,-0.2724341334151834,-0.14986132164626176,7.284999999999999,7.667777777777778,7.876842105263159
400,2019-05-07 10:00:00,7.24,7.3,7.26,7.2,-0.2852946848789779,-0.1404659396590806,7.26,7.569999999999999,7.832631578947368
401,2019-05-07 11:00:00,7.25,7.31,7.24,7.22,-0.291321673235184,-0.12201593309719422,7.24,7.477777777777778,7.787894736842105
402,2019-05-07 12:00:00,7.22,7.31,7.25,7.22,-0.2951169299446308,-0.1036851572128702,7.2275,7.388888888888889,7.741052631578948
403,2019-05-07 14:00:00,7.15,7.24,7.23,7.1,-0.3003113113557969,-0.09125913602816194,7.215,7.294444444444445,7.69157894736842
404,2019-05-07 15:00:00,7.25,7.27,7.15,7.14,-0.29298142429781215,-0.06127948952975393,7.217499999999999,7.25,7.651052631578947
405,2019-05-08 10:00:00,7.14,7.17,7.13,7.1,-0.29267474441707986,-0.04853290381463149,7.19,7.227777777777778,7.606842105263157
406,2019-05-08 11:00:00,7.2,7.24,7.14,7.13,-0.2843128186482202,-0.025447241821529798,7.185,7.213333333333334,7.566315789473682
407,2019-05-08 12:00:00,7.22,7.24,7.2,7.16,-0.2729259785883089,-0.002138849361365769,7.2025,7.207777777777778,7.519473684210525
408,2019-05-08 14:00:00,7.2,7.26,7.22,7.18,-0.2624898391842363,0.014986743557423576,7.1899999999999995,7.207777777777778,7.472631578947368
409,2019-05-08 15:00:00,7.2,7.22,7.2,7.16,-0.25132203948948817,0.02985787435753584,7.205,7.203333333333333,7.425263157894736
410,2019-05-09 10:00:00,7.15,7.21,7.16,7.13,-0.24369687403645823,0.036086564210876526,7.192500000000001,7.192222222222223,7.37421052631579
411,2019-05-09 11:00:00,7.16,7.19,7.15,7.13,-0.2341478484075985,0.04414769237487681,7.1775,7.185555555555556,7.32578947368421
412,2019-05-09 12:00:00,7.15,7.17,7.17,7.14,-0.22479578732051486,0.05028145163923525,7.165000000000001,7.185555555555556,7.280000000000001
413,2019-05-09 14:00:00,7.18,7.21,7.16,7.15,-0.21251373618595526,0.059876443126683554,7.16,7.177777777777777,7.2368421052631575
414,2019-05-09 15:00:00,7.12,7.19,7.19,7.12,-0.20525556237755893,0.059514232594781,7.152500000000001,7.1755555555555555,7.208947368421054
415,2019-05-10 10:00:00,7.26,7.28,7.19,7.18,-0.18606177307038152,0.0783214489673087,7.1775,7.182222222222222,7.204736842105262
416,2019-05-10 11:00:00,7.18,7.28,7.26,7.18,-0.17528530825056432,0.07989950288555453,7.1850000000000005,7.177777777777777,7.196842105263158
417,2019-05-10 12:00:00,7.18,7.19,7.18,7.16,-0.1648446556623826,0.08062464644953432,7.185,7.175555555555557,7.192105263157895
418,2019-05-10 14:00:00,7.21,7.23,7.17,7.05,-0.1523929232281951,0.08442248905432748,7.2075,7.176666666666666,7.19263157894737
419,2019-05-10 15:00:00,7.28,7.29,7.21,7.19,-0.13531657532986419,0.09486014788079145,7.2125,7.191111111111111,7.194736842105264
420,2019-05-13 10:00:00,7.2,7.22,7.19,7.17,-0.12677736742855306,0.08955085094673099,7.2175,7.195555555555556,7.1921052631578934
421,2019-05-13 11:00:00,7.2,7.23,7.2,7.16,-0.1186423485038377,0.08465671103692934,7.2225,7.2011111111111115,7.191052631578946
422,2019-05-13 12:00:00,7.18,7.22,7.2,7.17,-0.11251215021805017,0.07753368608680355,7.215,7.2011111111111115,7.192631578947368
423,2019-05-13 14:00:00,7.24,7.3,7.18,7.17,-0.10164077378083025,0.07942115116899473,7.205,7.214444444444443,7.192105263157895
424,2019-05-13 15:00:00,7.22,7.24,7.24,7.17,-0.09356045578835559,0.07646542972315523,7.209999999999999,7.21,7.196315789473685
425,2019-05-14 10:00:00,7.18,7.23,7.11,7.1,-0.08935438948897101,0.0679020498575395,7.205,7.21,7.195263157894737
426,2019-05-14 11:00:00,7.15,7.21,7.18,7.13,-0.08743391715197202,0.057394395625229994,7.1975,7.206666666666667,7.191578947368422
427,2019-05-14 12:00:00,7.12,7.16,7.14,7.11,-0.08732603805999961,0.046088123047339835,7.1674999999999995,7.196666666666666,7.187368421052632
428,2019-05-14 14:00:00,7.13,7.17,7.12,7.11,-0.08544862808127274,0.039874354403834855,7.145,7.179999999999999,7.183684210526316
429,2019-05-14 15:00:00,7.12,7.16,7.13,7.1,-0.08380167008561923,0.03453461631611349,7.13,7.171111111111112,7.182105263157895
430,2019-05-15 10:00:00,7.17,7.2,7.17,7.15,-0.07756770960371817,0.03760202982393249,7.135,7.167777777777778,7.182631578947367
431,2019-05-15 11:00:00,7.16,7.19,7.17,7.14,-0.07259731082611687,0.03803426190330808,7.1450000000000005,7.165555555555555,7.1831578947368415
432,2019-05-15 12:00:00,7.15,7.17,7.16,7.14,-0.0686735247658774,0.03670546721902962,7.15,7.155555555555556,7.181578947368422
433,2019-05-15 14:00:00,7.21,7.22,7.16,7.15,-0.06003040435097695,0.04319336643906441,7.1725,7.154444444444445,7.186315789473685
434,2019-05-15 15:00:00,7.22,7.24,7.2,7.2,-0.05177690084242581,0.047760298764933345,7.185,7.158888888888888,7.184210526315789
435,2019-05-16 10:00:00,7.23,7.23,7.2,7.18,-0.043922709764872,0.05077494473603278,7.2025,7.167777777777778,7.186842105263159
436,2019-05-16 11:00:00,7.26,7.32,7.23,7.22,-0.034875435162632584,0.05509559515240929,7.23,7.183333333333334,7.191052631578947
437,2019-05-16 12:00:00,7.28,7.28,7.26,7.25,-0.025794232153326213,0.05860640093681764,7.2475000000000005,7.199999999999999,7.194736842105264
438,2019-05-16 14:00:00,7.29,7.3,7.28,7.25,-0.017587657349415586,0.060015640435711115,7.265,7.2188888888888885,7.195263157894736
439,2019-05-16 15:00:00,7.29,7.3,7.29,7.26,-0.010957575581684864,0.05862064317693805,7.279999999999999,7.232222222222223,7.199999999999999
440,2019-05-17 10:00:00,7.28,7.33,7.29,7.25,-0.00643591521572251,0.054131171127090205,7.285,7.245555555555555,7.204210526315791
441,2019-05-17 11:00:00,7.2,7.28,7.28,7.19,-0.009201726436513624,0.03887963894840638,7.265,7.251111111111111,7.205263157894736
442,2019-05-17 12:00:00,7.17,7.2,7.2,7.14,-0.013656971963497355,0.02397531831555113,7.234999999999999,7.246666666666666,7.201578947368421
443,2019-05-17 14:00:00,7.14,7.19,7.16,7.11,-0.019385076328359396,0.010015287668661638,7.1975,7.237777777777778,7.19736842105263
444,2019-05-17 15:00:00,7.1,7.16,7.13,7.04,-0.02684287802358387,-0.003920252577429853,7.1525,7.223333333333333,7.193157894736841
445,2019-05-20 10:00:00,7.0,7.12,7.11,6.95,-0.040357191283106886,-0.024759103277180707,7.102499999999999,7.194444444444445,7.185263157894737
446,2019-05-20 11:00:00,7.06,7.08,7.0,6.96,-0.04569909265415095,-0.02835432481541507,7.074999999999999,7.17,7.182105263157895
447,2019-05-20 12:00:00,7.06,7.07,7.05,7.01,-0.04936355563540573,-0.0285466006223397,7.055,7.144444444444444,7.178421052631578
448,2019-05-20 14:00:00,7.03,7.07,7.06,7.0,-0.05406518839125507,-0.030359892907230707,7.0375,7.115555555555555,7.173684210526316
449,2019-05-20 15:00:00,7.11,7.12,7.03,7.03,-0.0507509099134591,-0.018985068761311008,7.0649999999999995,7.096666666666667,7.170526315789474
450,2019-05-21 10:00:00,7.17,7.18,7.08,7.08,-0.042789570252355524,-0.0024499115512830877,7.092499999999999,7.093333333333333,7.171052631578948
451,2019-05-21 11:00:00,7.17,7.17,7.17,7.11,-0.03606442299362911,0.008800306372935801,7.120000000000001,7.093333333333334,7.172105263157894
452,2019-05-21 12:00:00,7.18,7.21,7.17,7.16,-0.02958672160295972,0.017404567323419662,7.157500000000001,7.097777777777778,7.170526315789474
453,2019-05-21 14:00:00,7.18,7.2,7.19,7.15,-0.02417442881422538,0.02258332232071067,7.175,7.1066666666666665,7.1684210526315795
454,2019-05-21 15:00:00,7.19,7.19,7.18,7.15,-0.01886081561719255,0.026568438971821068,7.180000000000001,7.127777777777776,7.166315789473684
455,2019-05-22 10:00:00,7.16,7.2,7.19,7.15,-0.01687595267801001,0.024430531880148917,7.1775,7.138888888888889,7.161052631578947
456,2019-05-22 11:00:00,7.12,7.19,7.16,7.11,-0.018319425273489287,0.017234869351352287,7.1625000000000005,7.145555555555556,7.152631578947369
457,2019-05-22 12:00:00,7.14,7.15,7.12,7.1,-0.017646141121530512,0.014865150124215874,7.152500000000001,7.157777777777778,7.144736842105262
458,2019-05-22 14:00:00,7.1,7.14,7.14,7.08,-0.020108426858638673,0.00795246291999964,7.130000000000001,7.156666666666666,7.134736842105262
459,2019-05-22 15:00:00,7.08,7.12,7.1,7.05,-0.02340385383946675,0.0010892871666747933,7.109999999999999,7.146666666666666,7.12421052631579
460,2019-05-23 10:00:00,6.99,7.08,7.08,6.98,-0.03289851766957952,-0.014320032394840601,7.077500000000001,7.126666666666667,7.113157894736842
461,2019-05-23 11:00:00,7.02,7.05,6.99,6.96,-0.037569282577280205,-0.01892924976819358,7.0475,7.108888888888889,7.105263157894737
462,2019-05-23 12:00:00,7.02,7.04,7.02,7.0,-0.04080057380038049,-0.020313465771515313,7.0275,7.09111111111111,7.098947368421053
463,2019-05-23 14:00:00,6.97,7.02,7.0,6.96,-0.04685585240764922,-0.025939218388842222,7.0,7.066666666666666,7.092105263157895
464,2019-05-23 15:00:00,6.99,6.99,6.97,6.92,-0.04947060513519297,-0.024934979075143776,7.0,7.047777777777778,7.09157894736842
465,2019-05-24 10:00:00,6.98,7.01,6.94,6.94,-0.05175315379483525,-0.023600061115542664,6.989999999999999,7.032222222222223,7.0873684210526315
466,2019-05-24 11:00:00,7.0,7.0,6.98,6.94,-0.05135625426840207,-0.018245009650141045,6.985,7.016666666666667,7.084210526315789
467,2019-05-24 12:00:00,6.97,7.0,7.0,6.97,-0.05285319903523167,-0.0169911193470402,6.984999999999999,7.002222222222222,7.081052631578949
468,2019-05-24 14:00:00,7.0,7.04,6.98,6.95,-0.051030540957559545,-0.010676642553356763,6.9875,6.993333333333333,7.075263157894737
469,2019-05-24 15:00:00,6.98,7.03,7.0,6.97,-0.05061642946129297,-0.007878735648658888,6.9875,6.992222222222223,7.065263157894736
470,2019-05-27 10:00:00,7.02,7.05,6.99,6.96,-0.04652427453445718,0.0002444593640101578,6.9925,6.992222222222221,7.057368421052632
471,2019-05-27 11:00:00,7.02,7.05,7.02,7.0,-0.042787979084264904,0.006173640211515757,7.005,6.992222222222221,7.048947368421053
472,2019-05-27 12:00:00,7.07,7.07,7.02,6.99,-0.03538446579326937,0.01678453343480546,7.0225,7.003333333333333,7.043157894736842
473,2019-05-27 14:00:00,7.1,7.12,7.07,7.06,-0.02678758824854821,0.02718263081939823,7.0525,7.015555555555555,7.038421052631579
474,2019-05-27 15:00:00,7.12,7.14,7.1,7.09,-0.018151429622360382,0.03556395845741911,7.0775,7.031111111111111,7.036315789473684
475,2019-05-28 10:00:00,7.13,7.15,7.15,7.1,-0.010380633779933923,0.04088444011381762,7.1049999999999995,7.045555555555556,7.036842105263157
476,2019-05-28 11:00:00,7.14,7.15,7.13,7.11,-0.003376384800484189,0.04391435045817367,7.1225,7.064444444444444,7.036842105263157
477,2019-05-28 12:00:00,7.13,7.14,7.13,7.11,0.0013520311782944106,0.0426969459325847,7.13,7.078888888888889,7.038421052631579
478,2019-05-28 14:00:00,7.1,7.16,7.13,7.1,0.0026480604359884197,0.036231203558378174,7.125,7.092222222222222,7.0394736842105265
479,2019-05-28 15:00:00,7.07,7.12,7.11,7.05,0.0012401282539995506,0.026732271355520348,7.109999999999999,7.097777777777778,7.043684210526315
480,2019-05-29 10:00:00,7.06,7.08,7.03,7.03,-0.0006748058288010839,0.018321922551935262,7.09,7.102222222222222,7.045789473684211
481,2019-05-29 11:00:00,7.06,7.1,7.06,7.06,-0.0021674202147137223,0.012269355024087988,7.0725,7.101111111111111,7.047894736842105
482,2019-05-29 12:00:00,7.08,7.08,7.06,7.05,-0.0017167058992351159,0.01053662692403616,7.067499999999999,7.098888888888889,7.053684210526316
483,2019-05-29 14:00:00,7.09,7.13,7.08,7.06,-0.0005462977500787503,0.010301954577879113,7.0725,7.095555555555555,7.058947368421053
484,2019-05-29 15:00:00,7.05,7.1,7.09,7.05,-0.0028139688839301513,0.004613289848141048,7.07,7.086666666666666,7.062631578947368
485,2019-05-30 10:00:00,6.99,7.06,7.05,6.97,-0.009344891067044614,-0.0067588436144703015,7.0525,7.07,7.062105263157895
486,2019-05-30 11:00:00,6.96,7.0,6.99,6.95,-0.01674837834934806,-0.017252654543261754,7.022500000000001,7.051111111111111,7.06157894736842
487,2019-05-30 12:00:00,6.97,7.0,6.95,6.95,-0.021560245840049674,-0.021501111619731988,6.9925,7.036666666666666,7.06
488,2019-05-30 14:00:00,6.97,7.0,6.98,6.96,-0.025084526685015263,-0.022839738647730534,6.972499999999999,7.025555555555555,7.059473684210526
489,2019-05-30 15:00:00,7.05,7.05,6.97,6.96,-0.02117808544748012,-0.012021484938128203,6.9875,7.024444444444445,7.0610526315789475
490,2019-05-31 10:00:00,7.05,7.06,7.04,7.01,-0.01787613763519591,-0.004334071450847819,7.01,7.0233333333333325,7.062631578947368
491,2019-05-31 11:00:00,7.04,7.08,7.05,7.04,-0.015883145615483762,-0.0002784699291388179,7.0275,7.018888888888888,7.0610526315789475
492,2019-05-31 12:00:00,7.04,7.06,7.04,7.03,-0.014140680122939564,0.0025651688447596646,7.045,7.013333333333333,7.057894736842105
493,2019-05-31 14:00:00,7.02,7.05,7.04,7.01,-0.014209794849601387,0.0019415515131488148,7.0375,7.010000000000001,7.05263157894737
494,2019-05-31 15:00:00,7.02,7.05,7.02,7.02,-0.014102009580182262,0.0017256976415896512,7.03,7.013333333333332,7.046842105263159
495,2019-06-03 10:00:00,7.07,7.1,7.05,7.05,-0.009868251781291804,0.008154570591496456,7.0375,7.025555555555555,7.043157894736842
496,2019-06-03 11:00:00,7.02,7.07,7.06,7.01,-0.01042735035160458,0.00562909876069672,7.0325,7.0311111111111115,7.037368421052632
497,2019-06-03 12:00:00,7.03,7.03,7.02,7.0,-0.009948839540861343,0.005268896305746555,7.035,7.037777777777778,7.033684210526315
498,2019-06-03 14:00:00,7.02,7.05,7.03,7.01,-0.010258281617449683,0.003720009722055901,7.035,7.0344444444444445,7.031052631578947
499,2019-06-03 15:00:00,7.0,7.04,7.02,7.0,-0.011979260092070732,0.00022244221825104202,7.0175,7.028888888888889,7.027894736842104
500,2019-06-04 10:00:00,6.96,7.01,7.0,6.95,-0.016381972457176097,-0.006866386009567748,7.0025,7.02,7.022631578947369
501,2019-06-04 11:00:00,6.91,6.97,6.96,6.89,-0.023633305820639272,-0.01709524218919528,6.9725,7.0055555555555555,7.013684210526315
502,2019-06-04 12:00:00,6.91,6.92,6.91,6.89,-0.029045224486364596,-0.02233526361651674,6.945,6.993333333333333,7.0042105263157906
503,2019-06-04 14:00:00,6.89,6.93,6.92,6.88,-0.034549773589296784,-0.02667548945790489,6.9175,6.978888888888889,6.9957894736842094
504,2019-06-04 15:00:00,6.87,6.9,6.89,6.85,-0.04006416649228761,-0.030163420211109238,6.8950000000000005,6.956666666666667,6.989473684210526
505,2019-06-05 10:00:00,6.88,6.94,6.92,6.86,-0.043130267296710656,-0.02903649745596426,6.8875,6.941111111111112,6.985263157894737
506,2019-06-05 11:00:00,6.85,6.9,6.88,6.82,-0.047434132402208284,-0.03011538213356761,6.8725000000000005,6.921111111111111,6.978947368421053
507,2019-06-05 12:00:00,6.86,6.87,6.85,6.83,-0.049467825776576824,-0.027346215105843757,6.865,6.903333333333333,6.973157894736842
508,2019-06-05 14:00:00,6.86,6.91,6.87,6.85,-0.05049743938012341,-0.02352435385034954,6.8625,6.887777777777778,6.963157894736841
509,2019-06-05 15:00:00,6.83,6.87,6.86,6.82,-0.05312180970335678,-0.023018475597453028,6.85,6.873333333333333,6.9515789473684215
510,2019-06-06 10:00:00,6.57,6.83,6.82,6.53,-0.07531330429046701,-0.053921171817338784,6.78,6.835555555555556,6.926842105263157
511,2019-06-06 11:00:00,6.48,6.61,6.57,6.47,-0.09902101880412406,-0.08106928067572232,6.6850000000000005,6.787777777777778,6.89736842105263
512,2019-06-06 12:00:00,6.5,6.51,6.48,6.45,-0.11487155275295269,-0.09021627885870367,6.595000000000001,6.7444444444444445,6.869999999999998
513,2019-06-06 14:00:00,6.29,6.51,6.51,6.22,-0.14273312148490813,-0.11675153305809166,6.46,6.680000000000001,6.831578947368421
514,2019-06-06 15:00:00,6.33,6.39,6.29,6.29,-0.15974451440612647,-0.12061945512042266,6.4,6.618888888888889,6.792631578947368
515,2019-06-10 10:00:00,6.34,6.38,6.34,6.31,-0.17045435769875095,-0.1136313133645373,6.364999999999999,6.562222222222222,6.756842105263158
516,2019-06-10 11:00:00,6.36,6.38,6.34,6.32,-0.17530731916506692,-0.09866978903773538,6.33,6.506666666666667,6.721578947368421
517,2019-06-10 12:00:00,6.39,6.42,6.37,6.37,-0.17471853035189344,-0.07799376912911071,6.355,6.454444444444444,6.68842105263158
518,2019-06-10 14:00:00,6.37,6.4,6.39,6.36,-0.17386157580764827,-0.06102388803249631,6.365,6.403333333333333,6.655263157894738
519,2019-06-10 15:00:00,6.37,6.38,6.37,6.35,-0.17120884417546112,-0.04457473981449761,6.3725000000000005,6.381111111111111,6.62421052631579
520,2019-06-11 10:00:00,6.45,6.45,6.37,6.37,-0.1607976288604922,-0.019001847347647816,6.395,6.377777777777778,6.6000000000000005
521,2019-06-11 11:00:00,6.54,6.54,6.45,6.45,-0.14362875499423033,0.012268720307900716,6.4325,6.382222222222222,6.5805263157894744
522,2019-06-11 12:00:00,6.55,6.56,6.54,6.51,-0.1277428423640341,0.03523243645463453,6.4775,6.411111111111111,6.562631578947369
523,2019-06-11 14:00:00,6.6,6.61,6.54,6.53,-0.10985225164391821,0.056810894315893035,6.535,6.441111111111112,6.548421052631579
524,2019-06-11 15:00:00,6.61,6.61,6.59,6.56,-0.09378580875329856,0.07115502407770585,6.574999999999999,6.471111111111111,6.534210526315789
525,2019-06-12 10:00:00,6.66,6.69,6.59,6.58,-0.0761407516879613,0.0851561105667043,6.6049999999999995,6.504444444444443,6.524210526315789
526,2019-06-12 11:00:00,6.58,6.67,6.66,6.54,-0.06783034228705098,0.08142154349481995,6.612500000000001,6.525555555555555,6.509473684210526
527,2019-06-12 12:00:00,6.61,6.62,6.58,6.57,-0.058153180023808204,0.08062069441704439,6.615,6.552222222222222,6.496315789473685
528,2019-06-12 14:00:00,6.6,6.61,6.61,6.55,-0.05070636423324526,0.07641146079853622,6.612500000000001,6.577777777777778,6.484210526315789
529,2019-06-12 15:00:00,6.58,6.64,6.6,6.58,-0.045889555688123806,0.0688360623110233,6.592499999999999,6.592222222222222,6.484736842105263
530,2019-06-13 10:00:00,6.57,6.58,6.56,6.52,-0.042390465737522476,0.06066739376978075,6.59,6.595555555555555,6.489473684210527
531,2019-06-13 11:00:00,6.56,6.58,6.57,6.52,-0.03996365206411667,0.052416816893273876,6.5775,6.596666666666668,6.492631578947369
532,2019-06-13 12:00:00,6.63,6.64,6.55,6.54,-0.032022830501600374,0.05463876801464518,6.585,6.6,6.510526315789473
533,2019-06-13 14:00:00,6.59,6.63,6.62,6.58,-0.028627339756022607,0.049143799604640576,6.5874999999999995,6.597777777777779,6.52421052631579
534,2019-06-13 15:00:00,6.59,6.61,6.59,6.57,-0.025640817493749246,0.04409347530334984,6.5925,6.59,6.537368421052632
535,2019-06-14 10:00:00,6.55,6.62,6.59,6.55,-0.02619962976696666,0.03438068060553201,6.59,6.586666666666666,6.5473684210526315
536,2019-06-14 11:00:00,6.62,6.66,6.55,6.53,-0.02075482878710222,0.036216226052208714,6.5875,6.587777777777777,6.559473684210527
537,2019-06-14 12:00:00,6.58,6.62,6.62,6.55,-0.019443319999035147,0.031071394902674285,6.585000000000001,6.585555555555555,6.570526315789474
538,2019-06-14 14:00:00,6.55,6.59,6.58,6.54,-0.020587370720646092,0.02302663476756192,6.575,6.582222222222222,6.580000000000001
539,2019-06-14 15:00:00,6.49,6.57,6.55,6.45,-0.026035417631073976,0.00970443275736492,6.5600000000000005,6.573333333333333,6.582105263157894
540,2019-06-17 10:00:00,6.52,6.53,6.5,6.45,-0.02761396814344863,0.005237865386092486,6.534999999999999,6.568888888888888,6.581052631578946
541,2019-06-17 11:00:00,6.53,6.54,6.53,6.5,-0.02773831434951557,0.003991338379166889,6.5225,6.557777777777778,6.579999999999999
542,2019-06-17 12:00:00,6.51,6.55,6.53,6.49,-0.029115072039744838,0.00099025839896668,6.512499999999999,6.5488888888888885,6.575263157894737
543,2019-06-17 14:00:00,6.55,6.58,6.51,6.5,-0.026671049466108876,0.004702642836990886,6.527500000000001,6.544444444444443,6.572105263157895
544,2019-06-17 15:00:00,6.58,6.58,6.56,6.54,-0.022059110988576158,0.011141215833645059,6.5425,6.547777777777777,6.567894736842105
545,2019-06-18 10:00:00,6.56,6.68,6.68,6.52,-0.01978982459177736,0.012543830901794117,6.55,6.541111111111111,6.566842105263158
546,2019-06-18 11:00:00,6.59,6.62,6.56,6.54,-0.015393206194380227,0.017069654157270707,6.569999999999999,6.542222222222222,6.565789473684211
547,2019-06-18 12:00:00,6.58,6.62,6.6,6.57,-0.012570861795343724,0.01817147436427497,6.577500000000001,6.545555555555556,6.564736842105264
548,2019-06-18 14:00:00,6.57,6.59,6.58,6.54,-0.011014086419513625,0.017028020092748133,6.574999999999999,6.554444444444445,6.564210526315789
549,2019-06-18 15:00:00,6.62,6.63,6.57,6.54,-0.005680269969282392,0.02215652239456848,6.590000000000001,6.565555555555555,6.5668421052631585
550,2019-06-19 10:00:00,6.71,6.75,6.72,6.7,0.005742865653769691,0.036002234912538116,6.62,6.585555555555556,6.574736842105263
551,2019-06-19 11:00:00,6.68,6.73,6.71,6.68,0.01223400763019189,0.03918761509230601,6.6450000000000005,6.604444444444444,6.577368421052632
552,2019-06-19 12:00:00,6.7,6.71,6.68,6.66,0.018775682880890265,0.04181677247496221,6.677499999999999,6.621111111111111,6.583157894736842
553,2019-06-19 14:00:00,6.68,6.72,6.71,6.67,0.02209151753165628,0.03875875342119539,6.6925,6.632222222222222,6.587894736842105
554,2019-06-19 15:00:00,6.67,6.69,6.68,6.66,0.023639917699273205,0.033484443005143395,6.682499999999999,6.644444444444444,6.5942105263157895
555,2019-06-20 10:00:00,6.63,6.66,6.64,6.59,0.021392767771346577,0.02319211451943211,6.669999999999999,6.648888888888888,6.594736842105263
556,2019-06-20 11:00:00,6.71,6.72,6.63,6.6,0.02577015437742869,0.025557510185277067,6.6725,6.663333333333334,6.601578947368421
557,2019-06-20 12:00:00,6.76,6.77,6.71,6.7,0.032894657793845816,0.031845213614489054,6.692500000000001,6.684444444444444,6.612631578947369
558,2019-06-20 14:00:00,6.73,6.78,6.77,6.72,0.03570850340165066,0.02997832386407899,6.7075000000000005,6.696666666666666,6.625263157894737
559,2019-06-20 15:00:00,6.75,6.77,6.73,6.71,0.039101590377547346,0.029411598252697888,6.7375,6.701111111111111,6.637368421052632
560,2019-06-21 10:00:00,6.69,6.73,6.65,6.64,0.036528064898520896,0.019411637835715992,6.732500000000001,6.702222222222222,6.645789473684211
561,2019-06-21 11:00:00,6.71,6.72,6.69,6.67,0.03569093735913054,0.01418990620554822,6.720000000000001,6.703333333333333,6.656315789473684
562,2019-06-21 12:00:00,6.72,6.73,6.72,6.7,0.035426054673177276,0.010928112666913362,6.7175,6.707777777777778,6.665263157894736
563,2019-06-21 14:00:00,6.69,6.72,6.72,6.67,0.03242164738733777,0.003935438476187478,6.702500000000001,6.71,6.671052631578947
564,2019-06-21 15:00:00,6.69,6.69,6.69,6.65,0.02969828957208165,-0.0012090217234598105,6.702500000000001,6.716666666666667,6.677894736842105
565,2019-06-24 10:00:00,6.66,6.73,6.68,6.66,0.024833000234520064,-0.008751680318866382,6.69,6.711111111111112,6.68157894736842
566,2019-06-24 11:00:00,6.68,6.7,6.66,6.65,0.02233360830071085,-0.011000371349187854,6.68,6.702222222222222,6.686842105263159
567,2019-06-24 12:00:00,6.65,6.69,6.68,6.65,0.01772771879928481,-0.016169720281631952,6.67,6.693333333333333,6.691052631578947
568,2019-06-24 14:00:00,6.65,6.66,6.65,6.64,0.0139170906280901,-0.019032781299217094,6.66,6.682222222222222,6.69263157894737
569,2019-06-24 15:00:00,6.68,6.69,6.65,6.64,0.01316611880589491,-0.01642777995488598,6.665,6.681111111111111,6.691052631578948
570,2019-06-25 10:00:00,6.63,6.7,6.69,6.63,0.00843910534057457,-0.02070544550842133,6.6525,6.6722222222222225,6.68842105263158
571,2019-06-25 11:00:00,6.54,6.66,6.64,6.53,-0.002540054557789162,-0.03413101224411903,6.625,6.652222222222222,6.68
572,2019-06-25 12:00:00,6.54,6.57,6.53,6.53,-0.01111301397037856,-0.04102154485543827,6.597499999999999,6.635555555555555,6.672631578947369
573,2019-06-25 14:00:00,6.59,6.63,6.54,6.53,-0.013714472040408765,-0.03697956879639894,6.575,6.624444444444445,6.6684210526315795
574,2019-06-25 15:00:00,6.6,6.62,6.59,6.57,-0.014798640362619686,-0.03131832435265663,6.567500000000001,6.6177777777777775,6.666842105263158
575,2019-06-26 10:00:00,6.6,6.62,6.6,6.55,-0.015479414514066647,-0.02614389812444044,6.5825,6.608888888888888,6.661052631578947
576,2019-06-26 11:00:00,6.6,6.62,6.6,6.58,-0.015836380991535393,-0.021486264863502344,6.5975,6.6033333333333335,6.652631578947368
577,2019-06-26 12:00:00,6.59,6.6,6.6,6.58,-0.01673330480161539,-0.01862408998692987,6.597499999999999,6.596666666666668,6.645263157894736
578,2019-06-26 14:00:00,6.59,6.6,6.59,6.58,-0.017245329954223898,-0.01571851223371751,6.595,6.586666666666667,6.636842105263159
579,2019-06-26 15:00:00,6.58,6.61,6.59,6.57,-0.01824768208285743,-0.01417857319278766,6.59,6.5811111111111105,6.631052631578948
580,2019-06-27 10:00:00,6.64,6.65,6.6,6.59,-0.014038725122865081,-0.004608527418242369,6.6,6.592222222222222,6.627368421052632
581,2019-06-27 11:00:00,6.61,6.65,6.63,6.58,-0.012974286192696027,-0.00198371964632341,6.6049999999999995,6.6,6.621578947368421
582,2019-06-27 12:00:00,6.62,6.63,6.6,6.6,-0.011194748156891698,0.001260285140228197,6.6125,6.6033333333333335,6.617894736842106
583,2019-06-27 14:00:00,6.6,6.64,6.63,6.6,-0.011268389317934613,0.0008904022545138945,6.6175,6.6033333333333335,6.613157894736841
584,2019-06-27 15:00:00,6.59,6.61,6.61,6.56,-0.011995391488918372,-0.00045088166996289786,6.6049999999999995,6.602222222222222,6.609473684210526
585,2019-06-28 10:00:00,6.5,6.6,6.6,6.49,-0.01960776764579908,-0.012540507186979449,6.5775,6.591111111111111,6.6
586,2019-06-28 11:00:00,6.42,6.52,6.51,6.4,-0.03173019605764704,-0.029428291208540305,6.5275,6.572222222222223,6.587894736842105
587,2019-06-28 12:00:00,6.45,6.45,6.42,6.38,-0.038473065086216174,-0.034331223412542855,6.489999999999999,6.5566666666666675,6.577368421052632
588,2019-06-28 14:00:00,6.43,6.46,6.44,6.42,-0.044912941788529004,-0.037768781453734815,6.45,6.54,6.564210526315789
589,2019-06-28 15:00:00,6.45,6.48,6.43,6.41,-0.047851159241468544,-0.03491617308769111,6.4375,6.518888888888889,6.554736842105264
590,2019-07-01 10:00:00,6.58,6.6,6.57,6.54,-0.03923749873603377,-0.01415108166145726,6.477499999999999,6.515555555555555,6.556842105263159
591,2019-07-01 11:00:00,6.61,6.62,6.58,6.58,-0.029648590947035203,0.004021387133231899,6.5175,6.514444444444444,6.560526315789474
592,2019-07-01 12:00:00,6.6,6.62,6.61,6.59,-0.0225957590217849,0.014501640786986,6.5600000000000005,6.514444444444445,6.5610526315789475
593,2019-07-01 14:00:00,6.62,6.62,6.6,6.59,-0.015217092880671856,0.023407178455369673,6.6025,6.517777777777777,6.562105263157894
594,2019-07-01 15:00:00,6.63,6.64,6.62,6.61,-0.008464951683152755,0.029529168680326304,6.615,6.532222222222222,6.563684210526316
595,2019-07-02 10:00:00,6.69,6.7,6.63,6.61,0.0017079789038847437,0.03990002388352104,6.635,6.562222222222222,6.568421052631579
596,2019-07-02 11:00:00,6.69,6.76,6.7,6.68,0.009658759518755389,0.044641268090609865,6.657500000000001,6.588888888888889,6.573684210526316
597,2019-07-02 12:00:00,6.7,6.71,6.69,6.68,0.016575653054409223,0.04678004412953403,6.6775,6.61888888888889,6.579473684210527
598,2019-07-02 14:00:00,6.68,6.72,6.71,6.67,0.020210533709928313,0.043239844352457764,6.69,6.644444444444445,6.584736842105264
599,2019-07-02 15:00:00,6.7,6.73,6.68,6.68,0.024423496802317146,0.041332616429788346,6.6925,6.657777777777778,6.587894736842105
600,2019-07-03 10:00:00,6.62,6.68,6.68,6.61,0.021064154532223434,0.027691145511680736,6.675,6.658888888888889,6.58842105263158
601,2019-07-03 11:00:00,6.62,6.64,6.63,6.6,0.018192143870101596,0.01755769934994965,6.655,6.6611111111111105,6.58842105263158
602,2019-07-03 12:00:00,6.63,6.65,6.63,6.61,0.016532395985305648,0.011390562864286202,6.6425,6.662222222222223,6.590000000000001
603,2019-07-03 14:00:00,6.6,6.64,6.62,6.59,0.012650457944677562,0.0029013494264240255,6.6175,6.658888888888889,6.590526315789473
604,2019-07-03 15:00:00,6.59,6.6,6.6,6.57,0.008667167936268427,-0.0040521844723153955,6.61,6.647777777777778,6.595263157894737
605,2019-07-04 10:00:00,6.65,6.68,6.6,6.6,0.010233910317870354,-0.0007349597672892325,6.6175,6.6433333333333335,6.607368421052632
606,2019-07-04 11:00:00,6.68,6.73,6.65,6.63,0.013737951667356363,0.005018498345346227,6.63,6.641111111111111,6.619473684210527
607,2019-07-04 12:00:00,6.65,6.68,6.67,6.64,0.013933562962053614,0.004327776747792583,6.6425,6.637777777777778,6.631052631578948
608,2019-07-04 14:00:00,6.68,6.69,6.66,6.64,0.016321195025283508,0.007282432699401896,6.665,6.635555555555555,6.643157894736843
609,2019-07-04 15:00:00,6.66,6.68,6.68,6.63,0.016410408806728505,0.0059686882098335114,6.6674999999999995,6.639999999999999,6.647368421052632
610,2019-07-05 10:00:00,6.6,6.66,6.66,6.56,0.011506967651944144,-0.0030705552797881674,6.647500000000001,6.637777777777778,6.646842105263158
611,2019-07-05 11:00:00,6.65,6.65,6.59,6.59,0.011522710705579975,-0.0024312553380132045,6.647499999999999,6.64,6.649473684210527
612,2019-07-05 12:00:00,6.63,6.65,6.64,6.61,0.009808290468907188,-0.004688076649087023,6.635,6.6433333333333335,6.6499999999999995
613,2019-07-05 14:00:00,6.68,6.68,6.64,6.62,0.012341912329417504,0.00030333365754688785,6.64,6.653333333333333,6.652631578947369
614,2019-07-05 15:00:00,6.69,6.7,6.67,6.66,0.014984015925778138,0.004470032680214526,6.6625000000000005,6.657777777777778,6.652631578947369
615,2019-07-08 10:00:00,6.56,6.68,6.68,6.56,0.006512911724343873,-0.009977740578123204,6.64,6.644444444444445,6.645789473684211
616,2019-07-08 11:00:00,6.44,6.57,6.56,6.41,-0.009770864065662188,-0.03403623372650826,6.5925,6.6211111111111105,6.632105263157895
617,2019-07-08 12:00:00,6.44,6.48,6.45,6.44,-0.022417459182440425,-0.04746353916805179,6.532500000000001,6.594444444444444,6.619473684210527
618,2019-07-08 14:00:00,6.43,6.46,6.44,6.42,-0.03286801137726858,-0.05469171484616648,6.4675,6.568888888888889,6.605263157894737
619,2019-07-08 15:00:00,6.43,6.46,6.44,6.42,-0.040681201713645976,-0.05625447641513702,6.4350000000000005,6.550000000000001,6.595263157894737
620,2019-07-09 10:00:00,6.44,6.47,6.43,6.39,-0.045541322897830305,-0.052779775026804546,6.4350000000000005,6.526666666666666,6.585789473684212
621,2019-07-09 11:00:00,6.42,6.47,6.45,6.42,-0.05042556231110584,-0.0500386030826845,6.43,6.503333333333334,6.574736842105263
622,2019-07-09 12:00:00,6.44,6.45,6.42,6.42,-0.05208215373391578,-0.0426814287426435,6.4325,6.476666666666667,6.566315789473684
623,2019-07-09 14:00:00,6.43,6.46,6.43,6.41,-0.05358424497704117,-0.036548488983115426,6.4325,6.447777777777778,6.557894736842105
624,2019-07-09 15:00:00,6.47,6.49,6.44,6.43,-0.05095956723331341,-0.02503930679652791,6.4399999999999995,6.437777777777778,6.548421052631579
625,2019-07-10 10:00:00,6.42,6.49,6.47,6.42,-0.05231106396135221,-0.02219384020208441,6.4399999999999995,6.435555555555556,6.534736842105263
626,2019-07-10 11:00:00,6.44,6.45,6.42,6.41,-0.05117834984273362,-0.015942729571877784,6.44,6.435555555555556,6.523684210526316
627,2019-07-10 12:00:00,6.43,6.45,6.44,6.42,-0.05050538750087785,-0.011677443910533006,6.44,6.435555555555555,6.510526315789473
628,2019-07-10 14:00:00,6.42,6.45,6.43,6.42,-0.050200298629044404,-0.008853812933492883,6.4275,6.434444444444445,6.497894736842105
629,2019-07-10 15:00:00,6.38,6.43,6.42,6.36,-0.052580068901777466,-0.01089068278316721,6.4174999999999995,6.427777777777778,6.486315789473684
630,2019-07-11 10:00:00,6.48,6.48,6.4,6.4,-0.04586815023908564,0.0020265236337731612,6.4275,6.434444444444446,6.477368421052631
631,2019-07-11 11:00:00,6.43,6.49,6.47,6.41,-0.044075414531971724,0.004489596038400795,6.4275,6.433333333333334,6.466842105263158
632,2019-07-11 12:00:00,6.41,6.44,6.43,6.38,-0.0437640071884271,0.004089928580392033,6.425,6.431111111111111,6.4526315789473685
633,2019-07-11 14:00:00,6.33,6.42,6.42,6.33,-0.04940305833307601,-0.00575053896712463,6.4125,6.415555555555555,6.433684210526316
634,2019-07-11 15:00:00,6.35,6.37,6.33,6.3,-0.05166267893548593,-0.008215824137555575,6.380000000000001,6.407777777777778,6.422631578947367
635,2019-07-12 10:00:00,6.37,6.39,6.35,6.32,-0.05124884688397913,-0.005910528027633574,6.365,6.4,6.418947368421052
636,2019-07-12 11:00:00,6.37,6.39,6.37,6.34,-0.05034058705007549,-0.0032752066878610486,6.355,6.3933333333333335,6.415263157894737
637,2019-07-12 12:00:00,6.4,6.4,6.37,6.37,-0.046662143168240355,0.003265344860647376,6.3725000000000005,6.391111111111112,6.413684210526316
638,2019-07-12 14:00:00,6.39,6.41,6.4,6.34,-0.04404612994836121,0.006797897040324533,6.3825,6.392222222222222,6.4115789473684215
639,2019-07-12 15:00:00,6.37,6.4,6.39,6.36,-0.04309003833793401,0.0069680642089431505,6.3825,6.379999999999999,6.407894736842106
